品名コード,品名名称,品名略称,品名検索名称,品目分類コード,品目分類略称,単位コード,単位略称,単価区分,単価区分名称,単位重量(Kg),使用停止フラグ,登録日,登録時刻,登録社員コード,更新日,更新時刻,更新社員コード
"0012","ﾒﾀﾉｰﾙ","ﾒﾀﾉｰﾙ","ﾒﾀﾉｰﾙ","0001","白油","02","ｔ","0","数量×単価","1","0","20180718","230157","SYSTEM","20180824","133322","000099"
"0005","ハイオク","ハイオク","ﾊｲｵｸ","0001","白油","01","ｋｌ","0","数量×単価","1","0","20180718","230157","SYSTEM","20180824","133225","000099"
"0004","軽油","軽油","ｹｲﾕ","0001","白油","01","ｋｌ","0","数量×単価","1","0","20180718","230157","SYSTEM","20180824","133219","000099"
"0003","灯油","灯油","ﾄｳﾕ","0001","白油","01","ｋｌ","0","数量×単価","1","0","20180718","230157","SYSTEM","20180824","133207","000099"
"0002","レギュラー","レギュラー","ﾚｷﾞｭﾗｰ","0001","白油","01","ｋｌ","0","数量×単価","1","0","20180718","230157","SYSTEM","20180824","133212","000099"
"0001","白油","白油","ｼﾛﾕ","0001","白油","01","ｋｌ","0","数量×単価","1","0","20180718","230157","SYSTEM","20180824","133152","000099"
"0011","LSA重油","LSA重油","ﾛｰｻﾙｼﾞｭｳﾕ","0002","黒油","01","ｋｌ","0","数量×単価","1","0","20180718","230157","SYSTEM","20180824","133312","000099"
"0010","プロセス","プロセス","ﾌﾟﾛｾｽ","0002","黒油","01","ｋｌ","0","数量×単価","1000","0","20180718","230157","SYSTEM","20181015","100622","000001"
"0009","C重油","C重油","ｼｰｼﾞｭｳﾕ","0002","黒油","01","ｋｌ","0","数量×単価","1","0","20180718","230157","SYSTEM","20180824","133251","000099"
"0006","黒油","黒油","ｸﾛﾕ","0002","黒油","01","ｋｌ","0","数量×単価","1000","0","20180718","230157","SYSTEM","20181015","100712","000001"
"0035","Ａ重油","Ａ重油","ｴｰｼﾞｭｳﾕ","0002","黒油","01","ｋｌ","0","数量×単価","1","0","20180718","230157","SYSTEM","20180723","102213","000002"
"0074","珪酸","珪酸","ｹｲｻﾝ","0003","化成品","06","車","0","数量×単価","1000","0","20180809","140246","000002","20190611","092953","000002"
"0056","ｱｯｼｭｸﾘｰﾝ","ｱｯｼｭｸﾘｰﾝ","ｱｯｼｭｸﾘｰﾝ","0003","化成品","02","ｔ","0","数量×単価","1000","0","20180718","230157","SYSTEM","20180824","133730","000099"
"0053","ハイポ","ハイポ","ﾊｲﾎﾟ","0003","化成品","02","ｔ","0","数量×単価","1000","0","20180718","230157","SYSTEM","20181005","143002","000003"
"0051","ソーダ","ソーダ","ｿｰﾀﾞ","0003","化成品","02","ｔ","0","数量×単価","1000","0","20180718","230157","SYSTEM","20181005","142955","000003"
"0037","水　食塩水　他","水　食塩水　他","ﾐｽﾞ ｼｮｸｴﾝｽ","0003","化成品","02","ｔ","0","数量×単価","1000","0","20180718","230157","SYSTEM","20180824","133647","000099"
"0033","パンケレート","パンケレート","ﾊﾟﾝｹﾚｰﾄ","0003","化成品","02","ｔ","0","数量×単価","1000","0","20180718","230157","SYSTEM","20180824","133623","000099"
"0032","ダイキレート","ダイキレート","ﾀﾞｲｷﾚｰﾄ","0003","化成品","02","ｔ","0","数量×単価","1000","0","20180718","230157","SYSTEM","20180824","133559","000099"
"0031","ＰＡＣ(ﾎﾟﾘ塩化ｱﾙﾐﾆｳﾑ)","ＰＡＣ(ﾎﾟﾘ塩化ｱﾙﾐﾆｳﾑ","ﾊﾟｯｸ","0003","化成品","02","ｔ","0","数量×単価","1000","0","20180718","230157","SYSTEM","20180824","133547","000099"
"0026","メタノール他","メタノール他","ﾒﾀﾉｰﾙﾎｶ","0003","化成品","02","ｔ","0","数量×単価","1000","0","20180718","230157","SYSTEM","20180824","133518","000099"
"0022","次亜","次亜","ｼﾞｱ","0003","化成品","02","ｔ","0","数量×単価","1000","0","20180718","230157","SYSTEM","20180824","133504","000099"
"0021","塩酸","塩酸","ｴﾝｻﾝ","0003","化成品","02","ｔ","0","数量×単価","1000","0","20180718","230157","SYSTEM","20180824","133344","000099"
"0020","苛性","苛性","ｶｾｲ","0003","化成品","02","ｔ","0","数量×単価","1000","0","20180718","230157","SYSTEM","20180824","133337","000099"
"0030","液バン","液バン","ｴｷﾊﾞﾝ","0004","液バン","02","ｔ","0","数量×単価","1000","0","20180718","230157","SYSTEM","20180824","133533","000099"
"0207","横持","横持","ﾖｺﾓﾁ","0006","その他","","","0","数量×単価","0","0","20190122","144422","000007","20190122","144422","000007"
"0040","Ｓ 硫酸バンド","Ｓ 硫酸バンド","S ﾊﾞﾝﾄﾞ","0006","その他","","","0","数量×単価","0","0","20181024","161452","000001","20181024","161452","000001"
"0206","回送","回送","ｶｲｿｳ","0006","その他","","","0","数量×単価","0","0","20190111","104841","000007","20190111","104841","000007"
"0204","取り回り","取り回り","ﾄﾘﾏﾜﾘ","0006","その他","","","0","数量×単価","0","0","20180718","230157","SYSTEM","20180803","111920","000003"
"0203","集荷","集荷","ｼｭｳｶ","0006","その他","","","0","数量×単価","0","0","20180718","230157","SYSTEM","20180803","111911","000003"
"0202","配送","配送","ﾊｲｿｳ","0006","その他","","","0","数量×単価","0","0","20180718","230157","SYSTEM","20180803","111900","000003"
"0059","炭酸カリ液","炭酸カリ液","ﾀﾝｻﾝｶﾘ","0006","その他","","","0","数量×単価","0","0","20180718","230157","SYSTEM","20180803","111826","000003"
"0058","炭酸カリウム","炭酸カリウム","ﾀﾝｻﾝｶﾘｳﾑ","0006","その他","","","0","数量×単価","0","0","20180718","230157","SYSTEM","20180803","111811","000003"
"0038","その他","その他","ｿﾉﾀ","0006","その他","","","0","数量×単価","1","0","20180718","230157","SYSTEM","20180723","102231","000002"
"0217","日祝日割増","日祝日割増","ﾜﾘﾏｼ","0006","その他","","","0","数量×単価","0","0","20230208","142429","000007","20230208","142429","000007"
"0216","待機料金","待機料金","ﾀｲｷ","0006","その他","","","0","数量×単価","0","0","20230208","142257","000007","20230208","142257","000007"
"0215","珪酸ソーダ","珪酸ソーダ","ｹｲｻﾝ","0006","その他","03","kg","0","数量×単価","0.001","0","20230208","142219","000007","20230314","135401","000004"
"0214","ｿﾙﾍﾞﾝﾄSAP-7","ｿﾙﾍﾞﾝﾄSAP-7","ｿﾙﾊﾞﾝﾄSAP-7","0006","その他","02","ｔ","0","数量×単価","1","0","20221219","145143","000003","20221219","145143","000003"
"0213","ネオコール1","ネオコール1","ﾈｵｺｰﾙ1","0006","その他","02","ｔ","0","数量×単価","1","0","20221219","145020","000003","20221219","145020","000003"
"0212","50％AP-7","50％AP-7","50%AP-7","0006","その他","02","ｔ","0","数量×単価","1","0","20221115","140542","000003","20221115","140542","000003"
"0211","50％ﾒﾀﾉｰﾙ","50％ﾒﾀﾉｰﾙ","50%ﾒﾀﾉｰﾙ","0006","その他","02","ｔ","0","数量×単価","1","0","20221025","115523","000003","20221115","140442","000003"
"0205","PPG(ポリプロピレングリコール)","PPG(ポリプロピレング","PPG","0006","その他","02","ｔ","0","数量×単価","1","0","20181119","153012","000007","20181119","153102","000007"
"0218","NPA","NPA","NPA","0006","その他","02","ｔ","0","数量×単価","1","0","20230217","143047","000003","20230217","143118","000003"
"0209","ネオコールCRP","ネオコールCRP","ﾈｵｺｰﾙCRP","0006","その他","02","ｔ","0","数量×単価","1","0","20221011","141453","000003","20221011","141545","000003"
"0208","AP-1","AP-1","AP-1","0006","その他","02","ｔ","0","数量×単価","1","0","20220926","150100","000003","20221011","141521","000003"
"0200","メタノール","メタノール","ﾒﾀﾉｰﾙ","0006","その他","02","ｔ","0","数量×単価","1","0","20180718","230157","SYSTEM","20220926","151110","000003"
"0210","ネオコールR7","ネオコールR7","ﾈｵｺｰﾙR7","0006","その他","02","ｔ","0","数量×単価","1","0","20221021","133018","000003","20221025","115542","000003"
