得意先コード,CD1,取引先略称,CD2,部門略称,CD3,得意先名称１,得意先名称２,得意先略称,得意先検索名称,郵便番号,住所１,住所２,住所３,電話番号,ＦＡＸ番号,担当者,メールアドレス,社内外取引区分,社内外取引区分名称,金額端数単位区分,金額端数単位区分名称,金額端数処理区分,金額端数処理区分名称,運賃区分,運賃区分名称,運賃参照所属会社,運賃参照所属会社名称,運賃参照発地方面,運賃参照発地方面名称,運賃参照発地,運賃参照発地名称,運賃参照着地方面,運賃参照着地方面名称,運賃参照着地,運賃参照着地名称,運賃参照品名,運賃参照品名名称,運賃参照単位,運賃参照単位名称,運賃参照車種,運賃参照車種名称,請求基準区分,請求基準区分名称,請求担当部門コード,請求担当部門略称,名寄得意先コード,名寄得意先略称,請求区分,請求区分名称,請求消費税計算区分,請求消費税計算区分名称,請求消費税端数単位区分,請求消費税端数単位区分名称,請求消費税端数処理区分,請求消費税端数処理区分名称,請求編集単位,請求編集単位名称,請求編集種別,請求編集種別名称,請求自社情報コード,請求自社情報名称,請求書定義No,請求書定義名称,備考１,備考２,備考３,備考４,備考５,使用停止フラグ,登録日,登録時刻,登録社員コード,更新日,更新時刻,更新社員コード
"07001     0100000","07001","","01","東京営業所","00000","株式会社ニヤクコーポレーション","関東支店","ニヤクコーポ","ﾆﾔｸ","135-0041","東京都江東区冬木14-5","","","","","","","1","社外","0","1円未満","0","切捨","3","運賃計算する","0","対象外","0","対象外","0","対象外","0","対象外","0","対象外","0","対象外","0","対象外","0","対象外","1","積日請求","07","川崎営業所","07001     0100000","ニヤクコーポ","0","個別","2","請求一括","0","1円未満","2","四捨五入","0","指定無し","0","指定無し","01","自社","005","請求書A4 1行明細縦","","","","","","0","20180831","114913","000003","20181213","104856","000004"
"20211     0700000","20211","","07","川崎営業所","00000","三菱商事株式会社","","三菱商事株式会社","ﾐﾂﾋﾞｼｼｮｳｼﾞ","100-8086","東京都千代田区丸の内2-6-1","丸の内パークビルディング","","03-3210-5525","03-3210-5132","","","1","社外","0","1円未満","0","切捨","3","運賃計算する","0","対象外","0","対象外","0","対象外","0","対象外","0","対象外","0","対象外","0","対象外","0","対象外","1","積日請求","07","川崎営業所","20211     0700000","三菱商事株式会社","0","個別","2","請求一括","0","1円未満","0","切捨","0","指定無し","0","指定無し","01","自社","005","請求書A4 1行明細縦","","","","","","0","20190711","164555","000005","20190731","112438","000099"
"20211     0100000","20211","","01","東京営業所","00000","三菱商事株式会社","","三菱商事株式会社","ﾐﾂﾋﾞｼｼｮｳｼﾞ","100-8086","東京都千代田区丸の内2-6-1","丸の内パークビルディング","","03-3210-5525","03-3210-5132","","","1","社外","0","1円未満","0","切捨","3","運賃計算する","0","対象外","0","対象外","0","対象外","0","対象外","0","対象外","0","対象外","0","対象外","0","対象外","1","積日請求","07","川崎営業所","20211     0100000","三菱商事株式会社","0","個別","2","請求一括","0","1円未満","0","切捨","0","指定無し","0","指定無し","01","自社","005","請求書A4 1行明細縦","","","","","","0","20190717","143650","000099","20190731","112519","000099"
"00040     0200001","00040","","02","小名浜営業所","00001","株式会社丸運トランスポート東日本","東北支店　小名浜営業所","丸運ﾄﾗﾝｽﾎﾟｰﾄ","ﾏﾙｳﾝﾄﾗﾝｽﾎﾟ","971-8183","福島県いわき市泉町下川大剣1-52","","","0246-75-0688","","","","1","社外","0","1円未満","2","四捨五入","0","対象外","0","対象外","0","対象外","0","対象外","0","対象外","0","対象外","0","対象外","0","対象外","0","対象外","1","積日請求","02","小名浜営業所","00040     0200001","丸運ﾄﾗﾝｽﾎﾟｰﾄ","0","個別","2","請求一括","0","1円未満","0","切捨","0","指定無し","0","指定無し","01","自社","001","請求書A4 2行明細標準","","","","","","0","20201014","091925","000001","20201014","092930","000001"
"00126     0600001","00126","","06","仙台営業所","00001","大郷運輸株式会社","","大郷運輸株式会社","ｵｵｻﾄｳﾝﾕ","985-0011","宮城県塩釜市貞山通三丁目20-1","","","022-361-0323","022-361-0320","","","1","社外","0","1円未満","0","切捨","0","対象外","0","対象外","0","対象外","0","対象外","0","対象外","0","対象外","0","対象外","0","対象外","0","対象外","1","積日請求","02","小名浜営業所","00126     0600001","大郷運輸株式会社","0","個別","3","明細毎外税","0","1円未満","2","四捨五入","0","指定無し","0","指定無し","01","自社","001","請求書A4 2行明細標準","","","","","","0","20210416","090454","000006","20210514","141227","000099"
"00134     0600000","00134","","06","仙台営業所","00000","大郷運輸株式会社","","大郷運輸　その他","ｵｵｻﾄｳﾝﾕ","985-0011","宮城県塩釜市貞山通三丁目20-1","","","022-361-0323","022-361-0320","","","1","社外","0","1円未満","0","切捨","0","対象外","0","対象外","0","対象外","0","対象外","0","対象外","0","対象外","0","対象外","0","対象外","0","対象外","1","積日請求","02","小名浜営業所","00134     0600000","大郷運輸　その他","0","個別","3","明細毎外税","0","1円未満","2","四捨五入","0","指定無し","0","指定無し","01","自社","001","請求書A4 2行明細標準","","","","","","0","20210416","091833","000006","20210514","141312","000099"
"00050     0600001","00050","","06","仙台営業所","00001","回送","","回送","ｶｲｿｳ","","","","","","","","","1","社外","0","1円未満","0","切捨","0","対象外","0","対象外","0","対象外","0","対象外","0","対象外","0","対象外","0","対象外","0","対象外","0","対象外","1","積日請求","06","仙台営業所","00050     0600001","回送","0","個別","2","請求一括","0","1円未満","0","切捨","0","指定無し","0","指定無し","01","自社","001","請求書A4 2行明細標準","","","","","","0","20210419","133626","000006","20210419","133626","000006"
"00054     0100000","00054","","01","東京営業所","00000","日本アルコール物流株式会社","","日本アルコール","ﾆﾎﾝ","273-0017","千葉県船橋市西浦2-11-1","","","047-435-0315","047-435-1148","","","1","社外","0","1円未満","0","切捨","0","対象外","0","対象外","0","対象外","1","対象","0","対象外","0","対象外","1","対象","0","対象外","0","対象外","2","着日請求","01","東京営業所","00054     0100000","日本アルコール","0","個別","2","請求一括","0","1円未満","0","切捨","0","指定無し","2","小計","01","自社","005","請求書A4 1行明細縦","","","","","","0","20220909","164416","000004","20221025","103459","000099"
"20379     0800000","20379","","08","九州営業所","00000","安藤パラケミー株式会社","","安藤パラケミー㈱","ｱﾝﾄﾞｳﾊﾟﾗｹﾐｰ","812-0011","福岡県福岡市博多区博多駅前3丁目27番25号　第2岡部ビル","","","092-451-8626","092-451-8596","","","1","社外","0","1円未満","2","四捨五入","3","運賃計算する","0","対象外","0","対象外","0","対象外","0","対象外","0","対象外","0","対象外","0","対象外","0","対象外","2","着日請求","08","九州営業所","20379     0800000","安藤パラケミー㈱","0","個別","2","請求一括","0","1円未満","2","四捨五入","0","指定無し","0","指定無し","01","自社","006","請求書A4 1行明細縦九州","","","","","","0","20231018","172009","000004","20231023","125158","000007"
"20345     0800000","20345","","08","九州営業所","00000","富士化学株式会社","九州工場","富士化学㈱","ﾌｼﾞｶｶﾞｸ","800-0115","北九州市門司区新門司","3-53-1","","093-481-3370","","","","1","社外","0","1円未満","2","四捨五入","3","運賃計算する","0","対象外","0","対象外","0","対象外","0","対象外","0","対象外","0","対象外","0","対象外","0","対象外","2","着日請求","08","九州営業所","20345     0800000","富士化学㈱","0","個別","2","請求一括","0","1円未満","2","四捨五入","0","指定無し","0","指定無し","01","自社","007","請求書A4 1行明細縦富士化学","","","","","","0","20230314","105600","000004","20230314","134238","000004"
"00141     0100000","00141","","01","東京営業所","00000","京極運輸商事株式会社","","京極運輸商事","ｷｮｳｺﾞｸｳﾝﾕｼｮｳｼﾞ","","","","","","","","","1","社外","0","1円未満","0","切捨","3","運賃計算する","0","対象外","0","対象外","0","対象外","0","対象外","0","対象外","0","対象外","0","対象外","0","対象外","1","積日請求","07","川崎営業所","00141     0100000","京極運輸商事","0","個別","2","請求一括","0","1円未満","2","四捨五入","0","指定無し","0","指定無し","01","自社","005","請求書A4 1行明細縦","","","","","","0","20231110","165114","000004","20231110","165114","000004"
"00141     0700000","00141","","07","川崎営業所","00000","京極運輸商事株式会社","","京極運輸商事","ｷｮｳｺﾞｸｳﾝﾕｼｮｳｼﾞ","","","","","","","","","1","社外","0","1円未満","0","切捨","3","運賃計算する","0","対象外","0","対象外","0","対象外","0","対象外","0","対象外","0","対象外","0","対象外","0","対象外","2","着日請求","07","川崎営業所","00141     0700000","京極運輸商事","0","個別","2","請求一括","0","1円未満","0","切捨","0","指定無し","0","指定無し","01","自社","005","請求書A4 1行明細縦","","","","","","0","20231113","162900","000004","20231113","162900","000004"
"20380     0800000","20380","","08","九州営業所","00000","三井物産ケミカル㈱","","三井物産ケミカル㈱","ﾐﾂｲﾌﾞｯｻﾝｹﾐｶﾙ","812-0025","福岡県福岡市博多区店屋町1-35","博多三井ビル2号館","","092-271-8273","","","","1","社外","0","1円未満","0","切捨","0","対象外","0","対象外","0","対象外","0","対象外","0","対象外","0","対象外","0","対象外","0","対象外","0","対象外","1","積日請求","08","九州営業所","20380     0800000","三井物産ケミカル㈱","0","個別","2","請求一括","0","1円未満","0","切捨","0","指定無し","0","指定無し","01","自社","006","請求書A4 1行明細縦九州","","","","","","0","20240116","133303","000007","20240116","133303","000007"
"20381     0800000","20381","","08","九州営業所","00000","三菱ガス化学トレーディング","","三菱ガス化学トレーデ","ﾐﾂﾋﾞｼｶﾞｽｶｶﾞｸﾄﾚｰﾃﾞｨﾝｸ","101-0054","東京都千代田区神田錦町2-2-1","KANDA SQUARE 15F","","","","","","1","社外","0","1円未満","0","切捨","0","対象外","0","対象外","0","対象外","0","対象外","0","対象外","0","対象外","0","対象外","0","対象外","0","対象外","1","積日請求","08","九州営業所","20381     0800000","三菱ガス化学トレーデ","0","個別","2","請求一括","0","1円未満","0","切捨","0","指定無し","0","指定無し","01","自社","006","請求書A4 1行明細縦九州","","","","","","0","20240119","110518","000007","20240119","110518","000007"
"00000     0100000","00000","","01","東京営業所","00000","若林運送株式会社","東京営業所","自社","ｼﾞｼｬ","","","","","","","","","2","社内","0","1円未満","0","切捨","0","対象外","0","対象外","0","対象外","0","対象外","0","対象外","0","対象外","0","対象外","0","対象外","0","対象外","1","積日請求","01","東京営業所","00000     0100000","自社","0","個別","2","請求一括","0","1円未満","0","切捨","4","車番毎","2","小計","01","自社","001","請求書A4 2行明細標準","","","","","","0","20180718","230155","SYSTEM","20180718","230155","SYSTEM"
"00000     0200000","00000","","02","小名浜営業所","00000","若林運送株式会社","小名浜営業所","自社","ｼﾞｼｬ","","","","","","","","","2","社内","0","1円未満","0","切捨","0","対象外","0","対象外","0","対象外","0","対象外","0","対象外","0","対象外","0","対象外","0","対象外","0","対象外","1","積日請求","02","小名浜営業所","00000     0200000","自社","0","個別","2","請求一括","0","1円未満","0","切捨","0","指定無し","0","指定無し","01","自社","001","請求書A4 2行明細標準","","","","","","0","20180718","230155","SYSTEM","20180718","230155","SYSTEM"
"00140     0700000","00140","","07","川崎営業所","00000","株式会社ＴＳトランスポート","","株式会社ＴＳトランス","ﾃｲｴｽﾄﾗﾝｽﾎﾟｰﾄ","","","","","","","","","1","社外","0","1円未満","0","切捨","3","運賃計算する","0","対象外","0","対象外","0","対象外","0","対象外","0","対象外","0","対象外","0","対象外","0","対象外","1","積日請求","07","川崎営業所","00140     0700000","株式会社ＴＳトランス","0","個別","2","請求一括","0","1円未満","0","切捨","0","指定無し","0","指定無し","01","自社","005","請求書A4 1行明細縦","","","","","","0","20180822","115336","000099","20181003","142639","000099"
"00107     0200000","00107","","02","小名浜営業所","00000","乙羽運送㈱","","乙羽運送㈱","ｵﾄﾊﾞｳﾝｿｳ","974-8232","福島県いわき市錦町落合80","","","0246-62-6070","0246-62-6070","","","1","社外","1","10円未満","1","切上","0","対象外","0","対象外","0","対象外","0","対象外","0","対象外","0","対象外","0","対象外","0","対象外","0","対象外","2","着日請求","02","小名浜営業所","00107     0200000","乙羽運送㈱","1","本社一括","3","明細毎外税","0","1円未満","2","四捨五入","0","指定なし","0","指定なし","01","自社","001","請求書A4 2行明細標準","","","","","","0","20180718","230156","SYSTEM","20180718","230156","SYSTEM"
"00000     0600000","00000","","06","仙台営業所","00000","若林運送株式会社","仙台営業所","自社","ｼﾞｼｬ","","","","","","","","","2","社内","0","1円未満","0","切捨","0","対象外","0","対象外","0","対象外","0","対象外","0","対象外","0","対象外","0","対象外","0","対象外","0","対象外","1","積日請求","06","仙台営業所","00000     0600000","自社","0","個別","2","請求一括","0","1円未満","0","切捨","0","指定無し","0","指定無し","01","自社","001","請求書A4 2行明細標準","","","","","","0","20180718","230155","SYSTEM","20180718","230155","SYSTEM"
"00000     0700000","00000","","07","川崎営業所","00000","若林運送株式会社","川崎営業所","自社","ｼﾞｼｬ","","","","","","","","","2","社内","0","1円未満","0","切捨","0","対象外","0","対象外","0","対象外","0","対象外","0","対象外","0","対象外","0","対象外","0","対象外","0","対象外","1","積日請求","07","川崎営業所","00000     0700000","自社","0","個別","2","請求一括","0","1円未満","0","切捨","0","指定無し","0","指定無し","01","自社","005","請求書A4 1行明細縦","","","","","","0","20180718","230155","SYSTEM","20180718","230155","SYSTEM"
"00000     0800000","00000","","08","九州営業所","00000","若林運送株式会社","九州営業所","自社","ｼﾞｼｬ","","","","","","","","","2","社内","0","1円未満","0","切捨","0","対象外","0","対象外","0","対象外","0","対象外","0","対象外","0","対象外","0","対象外","0","対象外","0","対象外","1","積日請求","08","九州営業所","00000     0800000","自社","0","個別","2","請求一括","0","1円未満","0","切捨","0","指定無し","0","指定無し","01","自社","001","請求書A4 2行明細標準","","","","","","0","20180718","230155","SYSTEM","20180718","230155","SYSTEM"
"00103     0200000","00103","","02","小名浜営業所","00000","東曹産業㈱仙台工場","","東曹産業仙台工場","ﾄｳｿｳｻﾝｷﾞｮｳ","983-0001","宮城県仙台市宮城野区港4-12-17","業務課兼物流部","","022-259-6090","022-259-6089","","","1","社外","0","1円未満","2","四捨五入","0","対象外","0","対象外","0","対象外","0","対象外","0","対象外","0","対象外","0","対象外","0","対象外","0","対象外","2","着日請求","02","小名浜営業所","00103     0200000","東曹産業仙台工場","0","個別","2","請求一括","0","1円未満","2","四捨五入","0","指定なし","0","指定なし","01","自社","001","請求書A4 2行明細標準","","","","","","0","20180718","230156","SYSTEM","20180718","230156","SYSTEM"
"00124     0100000","00124","","01","東京営業所","00000","株式会社日新","","株式会社日新","ﾆｯｼﾝ","","","","","","","","","1","社外","0","1円未満","0","切捨","0","対象外","0","対象外","0","対象外","0","対象外","0","対象外","0","対象外","0","対象外","0","対象外","0","対象外","2","着日請求","01","東京営業所","00124     0100000","株式会社日新","0","個別","2","請求一括","0","1円未満","0","切捨","4","車番毎","2","小計","01","自社","101","請求書B4 1行明細形式","","","","","","0","20180718","230156","SYSTEM","20180718","230156","SYSTEM"
"00126     0200000","00126","","02","小名浜営業所","00000","大郷運輸株式会社","","大郷運輸株式会社","ｵｵｻﾄｳﾝﾕ","985-0011","宮城県塩釜市貞山通三丁目20-1","","","022-361-0323","022-361-0320","","","1","社外","0","1円未満","0","切捨","0","対象外","0","対象外","0","対象外","0","対象外","0","対象外","0","対象外","0","対象外","0","対象外","0","対象外","2","着日請求","02","小名浜営業所","00126     0200000","大郷運輸株式会社","1","本社一括","3","明細毎外税","0","1円未満","2","四捨五入","0","指定無し","0","指定無し","01","自社","001","請求書A4 2行明細標準","","","","","","0","20180718","230156","SYSTEM","20181005","110716","000001"
"00013     0200000","00013","","02","小名浜営業所","00000","乙羽通商㈱","","乙羽通商㈱","ｵﾄﾊﾞﾂｳｼｮｳ","974-8232","いわき市錦町落合69","","","0246-62-6439","0246-62-7213","","","1","社外","0","1円未満","0","切捨","0","対象外","0","対象外","0","対象外","0","対象外","0","対象外","0","対象外","0","対象外","0","対象外","0","対象外","2","着日請求","02","小名浜営業所","00013     0200000","乙羽通商㈱","0","個別","2","請求一括","0","1円未満","2","四捨五入","0","指定なし","0","指定なし","01","自社","001","請求書A4 2行明細標準","","","","","","0","20180718","230156","SYSTEM","20180718","230156","SYSTEM"
"00130     0200000","00130","","02","小名浜営業所","00000","東西オイルターミナル株式会社","小名浜事業所","東西オイルターミ","ﾄｳｻﾞｲｵｲﾙ","971-8183","福島県いわき市泉町下川字大剣1-50","","","0246-56-2824","","","","1","社外","0","1円未満","0","切捨","0","対象外","0","対象外","0","対象外","0","対象外","0","対象外","0","対象外","0","対象外","0","対象外","0","対象外","2","着日請求","02","小名浜営業所","00130     0200000","東西オイルターミ","0","個別","2","請求一括","0","1円未満","2","四捨五入","0","指定なし","0","指定なし","01","自社","001","請求書A4 2行明細標準","","","","","","0","20180718","230156","SYSTEM","20180718","230156","SYSTEM"
"00133     0200000","00133","","02","小名浜営業所","00000","朝日化学工業(株)　東京支店","","朝日化学工業(株)","ｱｻﾋｶｶﾞｸｺｳｷ","103-0016","東京都中央区日本橋小網町1-8","","","03-6837-9270","03-6837-9272","","","1","社外","0","1円未満","2","四捨五入","0","対象外","0","対象外","0","対象外","0","対象外","0","対象外","0","対象外","0","対象外","0","対象外","0","対象外","2","着日請求","02","小名浜営業所","00133     0200000","朝日化学工業(株)","0","個別","2","請求一括","0","1円未満","2","四捨五入","0","指定なし","0","指定なし","01","自社","001","請求書A4 2行明細標準","","","","","","0","20180718","230156","SYSTEM","20180718","230156","SYSTEM"
"00134     0200000","00134","","02","小名浜営業所","00000","大郷運輸株式会社","","大郷運輸　その他","ｵｵｻﾄｳﾝﾕ","985-0011","宮城県塩釜市貞山通三丁目20-1","","","022-361-0323","022-361-0320","","","1","社外","0","1円未満","0","切捨","0","対象外","0","対象外","0","対象外","0","対象外","0","対象外","0","対象外","0","対象外","0","対象外","0","対象外","2","着日請求","02","小名浜営業所","00134     0200000","大郷運輸　その他","0","個別","3","明細毎外税","0","1円未満","2","四捨五入","0","指定なし","0","指定なし","01","自社","001","請求書A4 2行明細標準","","","","","","0","20180718","230156","SYSTEM","20180718","230156","SYSTEM"
"00136     0200000","00136","","02","小名浜営業所","00000","(株)岩田商会　仙台営業所","","(株)岩田商会　仙","ｲﾜﾀｼｮｳｶｲ","983-0852","宮城県仙台市宮城野区榴岡2-2-11","パスコ仙台ビル9Ｆ","","022-292-2270","022-292-2275","","","1","社外","0","1円未満","2","四捨五入","0","対象外","0","対象外","0","対象外","0","対象外","0","対象外","0","対象外","0","対象外","0","対象外","0","対象外","2","着日請求","02","小名浜営業所","00136     0200000","(株)岩田商会　仙","0","個別","2","請求一括","0","1円未満","2","四捨五入","0","指定なし","0","指定なし","01","自社","001","請求書A4 2行明細標準","","","","","","0","20180718","230156","SYSTEM","20180718","230156","SYSTEM"
"00137     0200000","00137","","02","小名浜営業所","00000","メタル便","","メタル便","ﾒﾀﾙ","","","","","","","","","1","社外","0","1円未満","0","切捨","0","対象外","0","対象外","0","対象外","0","対象外","0","対象外","0","対象外","0","対象外","0","対象外","0","対象外","2","着日請求","02","小名浜営業所","00137     0200000","メタル便","0","個別","3","明細毎外税","0","1円未満","2","四捨五入","0","指定なし","0","指定なし","01","自社","001","請求書A4 2行明細標準","","","","","","0","20180718","230156","SYSTEM","20180718","230156","SYSTEM"
"00024     0200000","00024","","02","小名浜営業所","00000","堺化学工業（株）小名浜事業所","","堺化学工業(株)","ｻｶｲｶｶﾞｸ","971-8183","いわき市泉町下川字田宿110","","","0246-56-5111","","","","1","社外","0","1円未満","0","切捨","0","対象外","0","対象外","0","対象外","0","対象外","0","対象外","0","対象外","0","対象外","0","対象外","0","対象外","2","着日請求","02","小名浜営業所","00024     0200000","堺化学工業(株)","0","個別","2","請求一括","0","1円未満","2","四捨五入","0","指定なし","0","指定なし","01","自社","001","請求書A4 2行明細標準","","","","","","0","20180718","230156","SYSTEM","20180718","230156","SYSTEM"
"00027     0200000","00027","","02","小名浜営業所","00000","日化トレーディング株式会社","","日化ﾄﾚｰﾃﾞｨﾝｸﾞ㈱","ﾆｯｶﾄﾚｰﾃﾞｨ","971-8101","いわき市小名浜隼人50番地の4","","","0246-53-4222","0246-53-4658","","","1","社外","0","1円未満","0","切捨","0","対象外","0","対象外","0","対象外","0","対象外","0","対象外","0","対象外","0","対象外","0","対象外","0","対象外","2","着日請求","02","小名浜営業所","00027     0200000","日化ﾄﾚｰﾃﾞｨﾝｸﾞ㈱","0","個別","2","請求一括","0","1円未満","2","四捨五入","0","指定なし","0","指定なし","01","自社","001","請求書A4 2行明細標準","","","","","","0","20180718","230156","SYSTEM","20180718","230156","SYSTEM"
"00003     0200000","00003","","02","小名浜営業所","00000","日本軽金属㈱","","日本軽金属㈱","ﾆﾎﾝｹｲｷﾝｿﾞｸ","975-0034","福島県原町市上渋佐字原田140","","","0244-22-4822","0244-24-6448","","","1","社外","0","1円未満","0","切捨","0","対象外","0","対象外","0","対象外","0","対象外","0","対象外","0","対象外","0","対象外","0","対象外","0","対象外","2","着日請求","02","小名浜営業所","00003     0200000","日本軽金属㈱","0","個別","2","請求一括","0","1円未満","2","四捨五入","0","指定なし","0","指定なし","01","自社","001","請求書A4 2行明細標準","","","","","","0","20180718","230156","SYSTEM","20180718","230156","SYSTEM"
"00001     0200000","00001","","02","小名浜営業所","00000","クレハ運輸株式会社","いわき物流センター","クレハ運輸　請求","ｸﾚﾊｳﾝﾕ","974-8232","福島県いわき市錦町落合16","","","0246-63-2043","0246-53-2087","","","1","社外","1","10円未満","2","四捨五入","0","対象外","0","対象外","0","対象外","0","対象外","0","対象外","0","対象外","0","対象外","0","対象外","0","対象外","2","着日請求","02","小名浜営業所","00001     0200000","クレハ運輸　請求","1","本社一括","3","明細毎外税","0","1円未満","2","四捨五入","0","指定無し","0","指定無し","01","自社","001","請求書A4 2行明細標準","","","","","","0","20180718","230156","SYSTEM","20231211","150715","000002"
"00039     0200000","00039","","02","小名浜営業所","00000","株式会社丸運トランスポート東日本","東北支店　小名浜営業所","丸運ﾄﾗﾝｽﾎﾟｰﾄ請求","ﾏﾙｳﾝﾄﾗﾝｽﾎﾟ","971-8183","福島県いわき市泉町下川大剣1-52","","","0246-75-0688","","","","1","社外","0","1円未満","0","切捨","0","対象外","0","対象外","0","対象外","0","対象外","0","対象外","0","対象外","0","対象外","0","対象外","0","対象外","2","着日請求","02","小名浜営業所","00039     0200000","丸運ﾄﾗﾝｽﾎﾟｰﾄ請求","1","本社一括","3","明細毎外税","0","1円未満","2","四捨五入","0","指定なし","0","指定なし","01","自社","001","請求書A4 2行明細標準","","","","","","0","20180718","230156","SYSTEM","20180718","230156","SYSTEM"
"00002     0200000","00002","","02","小名浜営業所","00000","(株)日新","","㈱日新　請求","ﾆｯｼﾝｾｲｷｭｳ","230-0053","横浜市鶴見区大黒町8-1","鶴見倉庫(株)物流センター内","","045-521-7011","045-521-7020","","","1","社外","0","1円未満","2","四捨五入","0","対象外","0","対象外","0","対象外","0","対象外","0","対象外","0","対象外","0","対象外","0","対象外","0","対象外","2","着日請求","02","小名浜営業所","00002     0200000","㈱日新　請求","1","本社一括","2","請求一括","0","1円未満","0","切捨","0","指定なし","0","指定なし","01","自社","001","請求書A4 2行明細標準","","","","","","0","20180718","230156","SYSTEM","20180719","114031","000001"
"00046     0200000","00046","","02","小名浜営業所","00000","クレハ運輸㈱訂正分","","クレハ運輸訂正分","ｸﾚﾊｳﾝﾕ","","","","","","","","","1","社外","0","1円未満","0","切捨","0","対象外","0","対象外","0","対象外","0","対象外","0","対象外","0","対象外","0","対象外","0","対象外","0","対象外","2","着日請求","02","小名浜営業所","00046     0200000","クレハ運輸訂正分","0","個別","2","請求一括","0","1円未満","0","切捨","0","指定なし","0","指定なし","01","自社","001","請求書A4 2行明細標準","","","","","","0","20180718","230156","SYSTEM","20180718","230156","SYSTEM"
"00047     0200000","00047","","02","小名浜営業所","00000","株式会社丸運トランスポート東日本","東北支店　小名浜営業所","丸運　その他","ﾏﾙｳﾝﾄﾗﾝｽｿﾉ","985-0804","福島県いわき市泉町下川大剣1-52","","","0246-75-0688","","","","1","社外","0","1円未満","1","切上","0","対象外","0","対象外","0","対象外","0","対象外","0","対象外","0","対象外","0","対象外","0","対象外","0","対象外","2","着日請求","02","小名浜営業所","00047     0200000","丸運　その他","0","個別","2","請求一括","0","1円未満","2","四捨五入","0","指定なし","0","指定なし","01","自社","001","請求書A4 2行明細標準","","","","","","0","20180718","230156","SYSTEM","20180718","230156","SYSTEM"
"00048     0200000","00048","","02","小名浜営業所","00000","タンク洗浄","","タンク洗浄","ﾀﾝｸｾﾝ","","","","","","","","","1","社外","0","1円未満","0","切捨","0","対象外","0","対象外","0","対象外","0","対象外","0","対象外","0","対象外","0","対象外","0","対象外","0","対象外","2","着日請求","02","小名浜営業所","00048     0200000","タンク洗浄","0","個別","0","なし","0","1円未満","0","切捨","0","指定なし","0","指定なし","01","自社","001","請求書A4 2行明細標準","","","","","","0","20180718","230156","SYSTEM","20180718","230156","SYSTEM"
"00049     0200000","00049","","02","小名浜営業所","00000","若林運送（株）","","若林運送（株）","ﾜｶﾊﾞﾔ","132-0025","東京都江戸川区松江5-22-1","","","03-3680-6301","03-3680-6335","","","1","社外","0","1円未満","0","切捨","0","対象外","0","対象外","0","対象外","0","対象外","0","対象外","0","対象外","0","対象外","0","対象外","0","対象外","2","着日請求","02","小名浜営業所","00049     0200000","若林運送（株）","0","個別","2","請求一括","0","1円未満","2","四捨五入","0","指定なし","0","指定なし","01","自社","001","請求書A4 2行明細標準","","","","","","0","20180718","230156","SYSTEM","20180718","230156","SYSTEM"
"00050     0200000","00050","","02","小名浜営業所","00000","回送","","回送","ｶｲｿｳ","","","","","","","","","1","社外","0","1円未満","0","切捨","0","対象外","0","対象外","0","対象外","0","対象外","0","対象外","0","対象外","0","対象外","0","対象外","0","対象外","2","着日請求","02","小名浜営業所","00050     0200000","回送","0","個別","0","なし","0","1円未満","0","切捨","0","指定なし","0","指定なし","01","自社","001","請求書A4 2行明細標準","","","","","","0","20180718","230156","SYSTEM","20180718","230156","SYSTEM"
"00051     0100000","00051","","01","東京営業所","00000","吉田化学工業株式会社","","吉田化学","ﾖｼﾀﾞ","111-0023","東京都台東区橋場2-19-4","","","03-3875-0617","03-3875-0686","","","1","社外","0","1円未満","0","切捨","0","対象外","0","対象外","0","対象外","1","対象","0","対象外","0","対象外","1","対象","0","対象外","0","対象外","2","着日請求","01","東京営業所","00051     0100000","吉田化学","0","個別","2","請求一括","0","1円未満","0","切捨","4","車番毎","2","小計","01","自社","101","請求書B4 1行明細形式","","","","","","0","20180718","230156","SYSTEM","20221025","103447","000099"
"00052     0100000","00052","","01","東京営業所","00000","東曹産業株式会社","営業部流通課","東曹産業","ﾄｳｿｳｻﾝｷﾞｮｳ","102-0074","東京都千代田区九段南4丁目8番8号","九段ポンピアンビル5階","","03-3265-2721","03-3265-2726","","","1","社外","0","1円未満","2","四捨五入","2","運賃学習参照する","0","対象外","0","対象外","1","対象","0","対象外","0","対象外","1","対象","0","対象外","0","対象外","2","着日請求","01","東京営業所","00052     0100000","東曹産業","0","個別","2","請求一括","0","1円未満","2","四捨五入","4","車番毎","2","小計","01","自社","101","請求書B4 1行明細形式","","","","","","0","20180718","230156","SYSTEM","20180718","230156","SYSTEM"
"00053     0100000","00053","","01","東京営業所","00000","株式会社　丸運　千葉化成品営業所","","丸運千葉化成品","ﾏﾙｳﾝﾁﾊﾞｶｾｲ","261-0002","千葉県千葉市美浜区新港141-1","","","043-243-0399","043-243-0453","","","1","社外","0","1円未満","2","四捨五入","0","対象外","0","対象外","0","対象外","0","対象外","0","対象外","0","対象外","0","対象外","0","対象外","0","対象外","2","着日請求","01","東京営業所","00053     0100000","丸運千葉化成品","0","個別","2","請求一括","0","1円未満","2","四捨五入","4","車番毎","2","小計","01","自社","101","請求書B4 1行明細形式","","","","","","0","20180718","230156","SYSTEM","20180718","230156","SYSTEM"
"00060     0100000","00060","","01","東京営業所","00000","呉羽運輸（株）鹿島（営）","","呉羽運輸　鹿島","ｸﾚﾊｶｼ","","","","","","","","","1","社外","0","1円未満","0","切捨","0","対象外","0","対象外","0","対象外","0","対象外","0","対象外","0","対象外","0","対象外","0","対象外","0","対象外","2","着日請求","01","東京営業所","00060     0100000","呉羽運輸　鹿島","0","個別","2","請求一括","0","1円未満","2","四捨五入","4","車番毎","2","小計","01","自社","101","請求書B4 1行明細形式","","","","","","0","20180718","230156","SYSTEM","20180718","230156","SYSTEM"
"00068     0100000","00068","","01","東京営業所","00000","日新産業㈱","","日新産業㈱","ﾆｯｼﾝｻ","","","","","","","","","1","社外","0","1円未満","0","切捨","0","対象外","0","対象外","0","対象外","0","対象外","0","対象外","0","対象外","0","対象外","0","対象外","0","対象外","2","着日請求","01","東京営業所","00068     0100000","日新産業㈱","0","個別","2","請求一括","0","1円未満","2","四捨五入","4","車番毎","2","小計","01","自社","101","請求書B4 1行明細形式","","","","","","0","20180718","230156","SYSTEM","20180718","230156","SYSTEM"
"00073     0700000","00073","","07","川崎営業所","00000","信越化学工業株式会社","","信越化学工業株式","ｼﾝｴﾂｶｶﾞｸ","100-0004","東京都千代田区大手町","2-6-1","","03-3246-5081","","","","1","社外","0","1円未満","2","四捨五入","3","運賃計算する","0","対象外","0","対象外","0","対象外","0","対象外","0","対象外","0","対象外","0","対象外","0","対象外","2","着日請求","07","川崎営業所","00073     0700000","信越化学工業株式","0","個別","2","請求一括","0","1円未満","2","四捨五入","0","指定無し","0","指定無し","01","自社","005","請求書A4 1行明細縦","","","","","","0","20180718","230156","SYSTEM","20180821","133148","000005"
"00074     0800000","00074","","08","九州営業所","00000","信越化学工業株式会社","九州地区","信越化学九州","ｼﾝｴﾂｶｶﾞｸｷｭ","100-0004","東京都千代田区大手町","2-6-1","","03-3246-5081","","","","1","社外","0","1円未満","2","四捨五入","3","運賃計算する","0","対象外","0","対象外","0","対象外","0","対象外","0","対象外","0","対象外","0","対象外","0","対象外","2","着日請求","08","九州営業所","00074     0800000","信越化学九州","0","個別","2","請求一括","0","1円未満","2","四捨五入","0","指定無し","0","指定無し","01","自社","006","請求書A4 1行明細縦九州","","","","","","0","20180718","230156","SYSTEM","20181105","133812","000007"
"00092     0100000","00092","","01","東京営業所","00000","品川倉庫運輸株式会社","","品川倉庫運輸株式","ｼﾅｶﾞﾜｿｳｺｳﾝ","132-0025","東京都江戸川区松江5丁目22番1号","","","03-3680-8262","03-3680-6386","","","1","社外","0","1円未満","0","切捨","0","対象外","0","対象外","0","対象外","0","対象外","0","対象外","0","対象外","0","対象外","0","対象外","0","対象外","2","着日請求","01","東京営業所","00092     0100000","品川倉庫運輸株式","0","個別","2","請求一括","0","1円未満","2","四捨五入","4","車番毎","2","小計","01","自社","101","請求書B4 1行明細形式","","","","","","0","20180718","230156","SYSTEM","20180718","230156","SYSTEM"
"00093     0200000","00093","","02","小名浜営業所","00000","富士興産株式会社","","富士興産株式会社","ﾌｼﾞｺｳｻﾝ","136-0071","東京都江東区亀戸1丁目36番8号","新亀戸ﾋﾞﾙﾁﾞﾝｸﾞ５階","","03-6861-5990","03-6861-5992","","","1","社外","0","1円未満","0","切捨","0","対象外","0","対象外","0","対象外","0","対象外","0","対象外","0","対象外","0","対象外","0","対象外","0","対象外","2","着日請求","02","小名浜営業所","00093     0200000","富士興産株式会社","0","個別","2","請求一括","0","1円未満","2","四捨五入","0","指定なし","0","指定なし","01","自社","001","請求書A4 2行明細標準","","","","","","0","20180718","230156","SYSTEM","20180718","230156","SYSTEM"
"00094     0100000","00094","","01","東京営業所","00000","株式会社メタル便","","メタル便","ﾒﾀﾙﾋﾞﾝ","","","","","","","","","1","社外","0","1円未満","0","切捨","0","対象外","0","対象外","0","対象外","0","対象外","0","対象外","0","対象外","0","対象外","0","対象外","0","対象外","2","着日請求","01","東京営業所","00094     0100000","メタル便","0","個別","2","請求一括","0","1円未満","0","切捨","4","車番毎","2","小計","01","自社","101","請求書B4 1行明細形式","","","","","","0","20180718","230156","SYSTEM","20180718","230156","SYSTEM"
"99999     0100000","99999","","01","東京営業所","00000","デジタコデータ","","デジタコデータ","ﾃﾞｼﾞﾀｺ","","","","","","","","","1","社外","0","1円未満","0","切捨","0","対象外","0","対象外","0","対象外","0","対象外","0","対象外","0","対象外","0","対象外","0","対象外","0","対象外","2","着日請求","01","東京営業所","99999     0100000","デジタコデータ","0","個別","0","なし","0","1円未満","0","切捨","4","車番毎","2","小計","01","自社","101","請求書B4 1行明細形式","","","","","","0","20180718","230156","SYSTEM","20180718","230156","SYSTEM"
"00001     0200001","00001","","02","小名浜営業所","00001","クレハ運輸㈱","いわき物流センター","ｸﾚﾊ運輸㈱いわき","ｸﾚﾊｳﾝﾕ","974-8232","福島県いわき市錦町落合16","","","0246-63-2087","0246-63-2087","","","1","社外","1","10円未満","1","切上","3","運賃計算する","0","対象外","0","対象外","0","対象外","0","対象外","0","対象外","0","対象外","0","対象外","0","対象外","2","着日請求","02","小名浜営業所","00001     0200000","クレハ運輸　請求","1","本社一括","3","明細毎外税","0","1円未満","2","四捨五入","0","指定無し","0","指定無し","01","自社","001","請求書A4 2行明細標準","","","","","","0","20180718","230156","SYSTEM","20231211","151559","000002"
"00001     0200003","00001","","02","小名浜営業所","00003","ソーダニッカ(株)七ヶ浜","","ソーダニッカ七ヶ","ｿｰﾀﾞﾆｯｶ","985-0804","宮城県宮城郡七ヶ浜町東宮浜字笠岩16-24","","","022-364-9234","","","","1","社外","1","10円未満","1","切上","0","対象外","0","対象外","0","対象外","0","対象外","0","対象外","0","対象外","0","対象外","0","対象外","0","対象外","2","着日請求","02","小名浜営業所","00001     0200000","クレハ運輸　請求","1","本社一括","3","明細毎外税","0","1円未満","2","四捨五入","0","指定無し","0","指定無し","01","自社","001","請求書A4 2行明細標準","","","","","","0","20180718","230156","SYSTEM","20180723","103735","000002"
"00001     0200002","00001","","02","小名浜営業所","00002","クレハ運輸㈱　油部門","","クレハ運輸㈱油部","ｸﾚﾊｱﾌﾞﾗ","974-8232","福島県いわき市錦町落合16","","","0246-63-2043","0246-63-2087","","","1","社外","1","10円未満","2","四捨五入","0","対象外","0","対象外","0","対象外","0","対象外","0","対象外","0","対象外","0","対象外","0","対象外","0","対象外","2","着日請求","02","小名浜営業所","00001     0200000","クレハ運輸　請求","1","本社一括","3","明細毎外税","0","1円未満","2","四捨五入","0","指定無し","0","指定無し","01","自社","001","請求書A4 2行明細標準","","","","","","0","20180718","230156","SYSTEM","20231211","150830","000002"
"00039     0200004","00039","","02","小名浜営業所","00004","㈱丸運トランスポート東日本　東北支店","小名浜営業所　（抜き取り）","丸運　抜取り","ﾏﾙｳﾝﾄﾗﾝｽﾇ","971-8183","福島県いわき市泉町大剣1-52","","","0246-75-0688","","","","1","社外","0","1円未満","0","切捨","0","対象外","0","対象外","0","対象外","0","対象外","0","対象外","0","対象外","0","対象外","0","対象外","0","対象外","2","着日請求","02","小名浜営業所","00039     0200000","丸運ﾄﾗﾝｽﾎﾟｰﾄ請求","1","本社一括","3","明細毎外税","0","1円未満","2","四捨五入","0","指定なし","0","指定なし","01","自社","001","請求書A4 2行明細標準","","","","","","0","20180718","230156","SYSTEM","20180719","114530","000001"
"00039     0200003","00039","","02","小名浜営業所","00003","㈱丸運トランスポート東日本　東北支店","小名浜営業所　　　（商社）","丸運　小名浜","ﾏﾙｳﾝﾄﾗﾝｽｵ","971-8183","福島県いわき市泉町大剣1-52","","","0246-75-0688","","","","1","社外","0","1円未満","0","切捨","0","対象外","0","対象外","0","対象外","0","対象外","0","対象外","0","対象外","0","対象外","0","対象外","0","対象外","2","着日請求","02","小名浜営業所","00039     0200000","丸運ﾄﾗﾝｽﾎﾟｰﾄ請求","1","本社一括","3","明細毎外税","0","1円未満","2","四捨五入","0","指定なし","0","指定なし","01","自社","001","請求書A4 2行明細標準","","","","","","0","20180718","230156","SYSTEM","20180719","114459","000001"
"00039     0200001","00039","","02","小名浜営業所","00001","株式会社丸運トランスポート東日本","東北支店　小名浜営業所（プロセス）","丸運　プロセス","ﾏﾙｳﾝﾄﾗﾝｽﾌﾟ","971-8183","福島県いわき市泉町下川大剣1-52","","","","","","","1","社外","0","1円未満","0","切捨","3","運賃計算する","0","対象外","0","対象外","0","対象外","0","対象外","0","対象外","0","対象外","0","対象外","0","対象外","2","着日請求","02","小名浜営業所","00039     0200000","丸運ﾄﾗﾝｽﾎﾟｰﾄ請求","1","本社一括","3","明細毎外税","0","1円未満","2","四捨五入","0","指定無し","0","指定無し","01","自社","001","請求書A4 2行明細標準","","","","","","0","20180718","230156","SYSTEM","20181005","113055","000001"
"00039     0200002","00039","","02","小名浜営業所","00002","株式会社丸運トランスポート東日本","東北支店　小名浜営業所（ＪＸ日鉱日石）","丸運　JX日鉱日石","ﾏﾙｳﾝﾄﾗﾝｽｼﾞ","971-8183","福島県いわき市泉町下川大剣1-52","","","","","","","1","社外","0","1円未満","2","四捨五入","3","運賃計算する","0","対象外","0","対象外","0","対象外","0","対象外","0","対象外","0","対象外","0","対象外","0","対象外","2","着日請求","02","小名浜営業所","00039     0200000","丸運ﾄﾗﾝｽﾎﾟｰﾄ請求","1","本社一括","3","明細毎外税","0","1円未満","2","四捨五入","0","指定無し","0","指定無し","01","自社","001","請求書A4 2行明細標準","","","","","","0","20180718","230156","SYSTEM","20181005","113153","000001"
"00002     0200002","00002","","02","小名浜営業所","00002","(株)日新","日本軽金属(株)　越谷分工場出荷分","(株)日新","ﾆｯｼﾝ ｺｼｶﾞﾔ","","","","","","","","","1","社外","0","1円未満","2","四捨五入","0","対象外","0","対象外","0","対象外","0","対象外","0","対象外","0","対象外","0","対象外","0","対象外","0","対象外","2","着日請求","02","小名浜営業所","00002     0200000","㈱日新　請求","1","本社一括","2","請求一括","0","1円未満","0","切捨","0","指定なし","0","指定なし","01","自社","001","請求書A4 2行明細標準","","","","","","0","20180718","230156","SYSTEM","20180719","114238","000001"
"00002     0200001","00002","","02","小名浜営業所","00001","(株)日新","日本軽金属(株)　原町分工場出荷分","㈱日新","ﾆｯｼﾝ ﾊﾗﾏﾁ","230-0053","横浜市鶴見区大黒町8-1","鶴見倉庫(株)物流センター内","","045-521-7011","045-521-7020","","","1","社外","0","1円未満","2","四捨五入","3","運賃計算する","0","対象外","0","対象外","0","対象外","0","対象外","0","対象外","0","対象外","0","対象外","0","対象外","2","着日請求","02","小名浜営業所","00002     0200000","㈱日新　請求","1","本社一括","2","請求一括","0","1円未満","0","切捨","0","指定無し","0","指定無し","01","自社","001","請求書A4 2行明細標準","","","","","","0","20180718","230156","SYSTEM","20180723","110618","000002"
"00002     0200003","00002","","02","小名浜営業所","00003","(株)日新　特別運賃分","","日新特別運賃分","ﾆｯｼﾝﾄｸﾍﾞﾂｳ","","","","","","","","","1","社外","0","1円未満","2","四捨五入","0","対象外","0","対象外","0","対象外","0","対象外","0","対象外","0","対象外","0","対象外","0","対象外","0","対象外","2","着日請求","02","小名浜営業所","00002     0200000","㈱日新　請求","1","本社一括","2","請求一括","0","1円未満","0","切捨","0","指定なし","0","指定なし","01","自社","001","請求書A4 2行明細標準","","","","","","0","20180718","230156","SYSTEM","20180719","114216","000001"
"00002     0200004","00002","","02","小名浜営業所","00004","㈱日新その他","","㈱日新その他","ﾆｯｼﾝｿﾉﾀ","102-8350","東京都千代田区三番町五番地","","","03-3238-6563","03-3238-6592","","","1","社外","0","1円未満","0","切捨","0","対象外","0","対象外","0","対象外","0","対象外","0","対象外","0","対象外","0","対象外","0","対象外","0","対象外","2","着日請求","02","小名浜営業所","00002     0200000","㈱日新　請求","1","本社一括","2","請求一括","0","1円未満","0","切捨","0","指定なし","0","指定なし","01","自社","001","請求書A4 2行明細標準","","","","","","0","20180718","230156","SYSTEM","20180719","114216","000001"
"00126     0200001","00126","","02","小名浜営業所","00001","大郷運輸株式会社","","大郷運輸株式会社","ｵｵｻﾄｳﾝﾕ","985-0011","宮城県塩釜市貞山通三丁目20-1","","","022-361-0323","022-361-0320","","","1","社外","0","1円未満","0","切捨","0","対象外","0","対象外","0","対象外","0","対象外","0","対象外","0","対象外","0","対象外","0","対象外","0","対象外","2","着日請求","02","小名浜営業所","00126     0200000","大郷運輸株式会社","1","本社一括","3","明細毎外税","0","1円未満","2","四捨五入","0","指定無し","0","指定無し","01","自社","001","請求書A4 2行明細標準","","","","","","0","20180719","112309","000001","20181005","110716","000001"
"99999     0200000","99999","","02","小名浜営業所","00000","デジタコデータ","","デジタコデータ","ﾃﾞｼﾞﾀｺ","","","","","","","","","1","社外","0","1円未満","0","切捨","0","対象外","0","対象外","0","対象外","0","対象外","0","対象外","0","対象外","0","対象外","0","対象外","0","対象外","1","積日請求","02","小名浜営業所","99999     0200000","デジタコデータ","0","個別","2","請求一括","0","1円未満","0","切捨","0","指定無し","0","指定無し","01","自社","001","請求書A4 2行明細標準","","","","","","0","20180719","135635","000002","20180719","135635","000002"
"00145     0100000","00145","","01","東京営業所","00000","信越化学工業株式会社九州地区","","信越化学工業株式会社","ｼﾝｴﾂｶｶﾞｸｺｳｷﾞｮｳｷｭｳｼｭｳ","","","","","","","","","1","社外","0","1円未満","0","切捨","0","対象外","0","対象外","0","対象外","0","対象外","0","対象外","0","対象外","0","対象外","0","対象外","0","対象外","1","積日請求","07","川崎営業所","00145     0100000","信越化学工業株式会社","0","個別","2","請求一括","0","1円未満","0","切捨","0","指定無し","0","指定無し","01","自社","005","請求書A4 1行明細縦","","","","","","0","20180907","162044","000004","20180907","162044","000004"
"00139     0700000","00139","","07","川崎営業所","00000","関東ロジテム株式会社","","関東ロジテム株式会社","ｶﾝﾄｳﾛｼﾞﾃﾑ","","","","","","","","","1","社外","0","1円未満","0","切捨","3","運賃計算する","0","対象外","0","対象外","0","対象外","0","対象外","0","対象外","0","対象外","0","対象外","0","対象外","1","積日請求","07","川崎営業所","00139     0700000","関東ロジテム株式会社","0","個別","2","請求一括","0","1円未満","2","四捨五入","0","指定無し","0","指定無し","01","自社","005","請求書A4 1行明細縦","","","","","","0","20180822","144009","000005","20190208","142225","000004"
"00073     0100000","00073","","01","東京営業所","00000","信越化学工業株式会社","","信越化学工業株式","ｼﾝｴﾂｶｶﾞｸ","100-0004","東京都千代田区大手町","2-6-1","","03-3246-5081","","","","1","社外","0","1円未満","0","切捨","3","運賃計算する","0","対象外","0","対象外","0","対象外","0","対象外","0","対象外","0","対象外","0","対象外","0","対象外","1","積日請求","07","川崎営業所","00073     0100000","信越化学工業株式","0","個別","2","請求一括","0","1円未満","2","四捨五入","0","指定無し","0","指定無し","01","自社","005","請求書A4 1行明細縦","","","","","","0","20180824","134511","000099","20181213","104817","000004"
"99999     0600000","99999","","06","仙台営業所","00000","デジタコデータ","","デジタコデータ","ﾃﾞｼﾞﾀｺ","","","","","","","","","1","社外","0","1円未満","0","切捨","0","対象外","0","対象外","0","対象外","0","対象外","0","対象外","0","対象外","0","対象外","0","対象外","0","対象外","1","積日請求","03","","99999     0600000","デジタコデータ","0","個別","2","請求一括","0","1円未満","0","切捨","0","指定無し","0","指定無し","01","自社","001","請求書A4 2行明細標準","","","","","","0","20180719","135635","000002","20180719","135635","000002"
"99999     0700000","99999","","07","川崎営業所","00000","デジタコデータ","","デジタコデータ","ﾃﾞｼﾞﾀｺ","","","","","","","","","1","社外","0","1円未満","0","切捨","0","対象外","0","対象外","0","対象外","0","対象外","0","対象外","0","対象外","0","対象外","0","対象外","0","対象外","1","積日請求","03","","99999     0700000","デジタコデータ","0","個別","2","請求一括","0","1円未満","0","切捨","0","指定無し","0","指定無し","01","自社","001","請求書A4 2行明細標準","","","","","","0","20180719","135635","000002","20180719","135635","000002"
"99999     0800000","99999","","08","九州営業所","00000","デジタコデータ","","デジタコデータ","ﾃﾞｼﾞﾀｺ","","","","","","","","","1","社外","0","1円未満","0","切捨","0","対象外","0","対象外","0","対象外","0","対象外","0","対象外","0","対象外","0","対象外","0","対象外","0","対象外","1","積日請求","03","","99999     0800000","デジタコデータ","0","個別","2","請求一括","0","1円未満","0","切捨","0","指定無し","0","指定無し","01","自社","001","請求書A4 2行明細標準","","","","","","0","20180719","135635","000002","20180719","135635","000002"
"00138     0100000","00138","","01","東京営業所","00000","株式会社十条合成化学研究所","","株式会社十条合成化学","ｼﾞｭｳｼﾞｮｳｺﾞｳｾｲｶｶﾞｸ","","","","","","","","","1","社外","0","1円未満","0","切捨","0","対象外","0","対象外","0","対象外","0","対象外","0","対象外","0","対象外","0","対象外","0","対象外","0","対象外","1","積日請求","07","川崎営業所","00138     0100000","株式会社十条合成化学","0","個別","2","請求一括","0","1円未満","2","四捨五入","0","指定無し","0","指定無し","01","自社","005","請求書A4 1行明細縦","","","","","","0","20180809","165549","000004","20181213","111641","000004"
"00139     0100000","00139","","01","東京営業所","00000","関東ロジテム株式会社","","関東ロジテム株式会社","ｶﾝﾄｳﾛｼﾞﾃﾑ","","","","","","","","","1","社外","0","1円未満","0","切捨","3","運賃計算する","0","対象外","0","対象外","0","対象外","0","対象外","0","対象外","0","対象外","0","対象外","0","対象外","1","積日請求","07","川崎営業所","00139     0100000","関東ロジテム株式会社","0","個別","2","請求一括","0","1円未満","2","四捨五入","0","指定無し","0","指定無し","01","自社","005","請求書A4 1行明細縦","","","","","","0","20180809","165600","000004","20190208","141656","000004"
"00140     0100000","00140","","01","東京営業所","00000","株式会社ＴＳトランスポート","","株式会社ＴＳトランス","ﾃｲｴｽﾄﾗﾝｽﾎﾟｰﾄ","","","","","","","","","1","社外","0","1円未満","0","切捨","3","運賃計算する","0","対象外","0","対象外","0","対象外","0","対象外","0","対象外","0","対象外","0","対象外","0","対象外","1","積日請求","07","川崎営業所","00140     0100000","株式会社ＴＳトランス","0","個別","2","請求一括","0","1円未満","2","四捨五入","0","指定無し","0","指定無し","01","自社","005","請求書A4 1行明細縦","","","","","","0","20180809","165609","000004","20181213","111725","000004"
"00144     0100000","00144","","01","東京営業所","00000","信越化学工業株式会社","","信越化学工業株式会社","ｼﾝｴﾂｶｶﾞｸｺｳｷﾞｮｳ","","","","","","","","","1","社外","0","1円未満","0","切捨","0","対象外","0","対象外","0","対象外","0","対象外","0","対象外","0","対象外","0","対象外","0","対象外","0","対象外","1","積日請求","07","川崎営業所","00144     0100000","信越化学工業株式会社","0","個別","2","請求一括","0","1円未満","0","切捨","0","指定無し","0","指定無し","01","自社","005","請求書A4 1行明細縦","","","","","","0","20180809","165643","000004","20180809","165643","000004"
"07001     0700000","07001","","07","川崎営業所","00000","株式会社ニヤクコーポレーション","関東支店","ニヤクコーポ","ﾆﾔｸ","135-0041","東京都江東区冬木14-5","","","","","","","1","社外","0","1円未満","2","四捨五入","2","運賃学習参照する","0","対象外","0","対象外","1","対象","0","対象外","1","対象","0","対象外","0","対象外","0","対象外","1","積日請求","07","川崎営業所","07001     0700000","ニヤクコーポ","0","個別","2","請求一括","0","1円未満","2","四捨五入","0","指定無し","0","指定無し","01","自社","005","請求書A4 1行明細縦","","","","","","0","20180810","140847","000005","20190117","101252","000004"
"07002     0700000","07002","","07","川崎営業所","00000","三菱ケミカル株式会社","物流管理チーム","三菱ケミカル株式会社","ﾐﾂﾋﾞｼｹﾐｶﾙ","971-8101","福島県いわき市小名浜字高山34","","","0246-54-3191","0246-54-3243","","","1","社外","0","1円未満","2","四捨五入","3","運賃計算する","0","対象外","0","対象外","0","対象外","0","対象外","0","対象外","0","対象外","0","対象外","0","対象外","1","積日請求","07","川崎営業所","07002     0700000","三菱ケミカル株式会社","0","個別","2","請求一括","0","1円未満","2","四捨五入","0","指定無し","0","指定無し","01","自社","005","請求書A4 1行明細縦","","","","","","0","20180810","141756","000005","20180910","131703","000005"
"07002     0100000","07002","","01","東京営業所","00000","三菱ケミカル株式会社","物流管理チーム","三菱ケミカル株式会社","ﾐﾂﾋﾞｼｹﾐｶﾙ","971-8101","福島県いわき市小名浜字高山34","","","0246-54-3191","0246-54-3243","","","1","社外","0","1円未満","0","切捨","3","運賃計算する","0","対象外","0","対象外","0","対象外","0","対象外","0","対象外","0","対象外","0","対象外","0","対象外","1","積日請求","07","川崎営業所","07002     0100000","三菱ケミカル株式会社","0","個別","2","請求一括","0","1円未満","2","四捨五入","0","指定無し","0","指定無し","01","自社","005","請求書A4 1行明細縦","","","","","","0","20181010","133357","000099","20181213","111747","000004"
"00137     0100000","00137","","01","東京営業所","00000","メタル便","","メタル便","ﾒﾀﾙ","","","","","","","","","1","社外","0","1円未満","0","切捨","0","対象外","0","対象外","0","対象外","0","対象外","0","対象外","0","対象外","0","対象外","0","対象外","0","対象外","1","積日請求","01","東京営業所","00137     0100000","メタル便","0","個別","2","請求一括","0","1円未満","0","切捨","0","指定無し","0","指定無し","01","自社","001","請求書A4 2行明細標準","","","","","","0","20181017","154615","000003","20181017","154616","000003"
"09001     0800000","09001","","08","九州営業所","00000","株式会社　日陸","九州事業所","株式会社　日陸","ﾆﾁﾘｸ","803-0801","福岡県北九州市小倉北区西港町62-7","","","093-591-8101","093-591-8160","","","1","社外","0","1円未満","0","切捨","3","運賃計算する","0","対象外","0","対象外","0","対象外","0","対象外","0","対象外","0","対象外","0","対象外","0","対象外","1","積日請求","08","九州営業所","09001     0800000","株式会社　日陸","0","個別","2","請求一括","0","1円未満","0","切捨","0","指定無し","0","指定無し","01","自社","010","請求書A4 2行明細九州","","","","","","0","20181105","111701","000007","20181130","170417","000099"
"00073     0800000","00073","","08","九州営業所","00000","信越化学工業株式会社","","信越化学工業株式","ｼﾝｴﾂｶｶﾞｸ","100-0004","東京都千代田区大手町","2-6-1","","03-3246-5081","","","","1","社外","0","1円未満","0","切捨","0","対象外","0","対象外","0","対象外","0","対象外","0","対象外","0","対象外","0","対象外","0","対象外","0","対象外","1","積日請求","07","川崎営業所","00073     0800000","信越化学工業株式","0","個別","2","請求一括","0","1円未満","0","切捨","0","指定無し","0","指定無し","01","自社","005","請求書A4 1行明細縦","","","","","","0","20181105","114155","000007","20181105","114155","000007"
