部門コード,部門略称,車番,適用日FROM,適用日TO,所属会社コード,所属会社略称,所属部門コード,所属部門略称,自車傭車区分,自車傭車区分名称,所属会社区分,変更内容,車種コード,車種略称,乗務員コード,乗務員名称,作業会社名称,積載区分,積載区分名称,配車区分,配車区分略称,配車配置区分,配車配置区分名称,配車配置順,登録番号１,登録番号２,登録番号３,登録番号４,車両登録年月日,初年度登録,自動車種別,用途,自・事の別,車体の形状,車名,通称車名,乗務定員１,乗務定員２,積載重量１,積載重量２,車両重量,車両総重量１,車両総重量２,車台番号,長さ,幅,高さ,前前軸重,前後軸重,後前軸重,後後軸重,型式,原動機の型式,総排気量,燃料の種類,燃料の種類略称,型式指定番号,類別区分番号,ポイント,備考,使用停止フラグ,登録日,登録時刻,登録社員コード,更新日,更新時刻,更新社員コード
"06","仙台営業所","75","20180801","99999999","00000     0600000","自社","06","仙台営業所","1","自車","1","","061","ｂ　東曹産","","","","1","５t以上","999","なし","1","配車配置ボタンの対象とする","1","宮城","830","う","75","20111007","200708","2","2","1","01","01","","2","0","11500","0","10140","21750","0","CD4YL-20151","914","249","297","4570","0","3400","2170","ADG-CD4YL","GE13","1307","2","軽油","","","0","","1","20180808","152526","000002","20201119","145454","000004"
"07","川崎営業所","2919","20141209","99999999","00000     0700000","自社","07","川崎営業所","1","自車","1","","099","その他","","","","","","999","なし","1","配車配置ボタンの対象とする","0","川崎","830","い","2919","20141209","201612","2","2","1","01","02","","2","0","11560","0","10040","21710","0","GN1APE-10193","927","249","296","3490","3410","0","3140","QPG-GN1APEG","A09C","886","2","軽油","","","0","","0","20180809","134412","000004","20180810","120110","000005"
"07","川崎営業所","738","20180517","99999999","00000     0700000","自社","07","川崎営業所","1","自車","1","","099","その他","","","","","","999","なし","1","配車配置ボタンの対象とする","0","川崎","830","い","738","20180517","200606","2","2","1","01","07","","2","0","11800","0","9760","21670","0","CV2YL-00121","928","249","300","3320","3090","0","3350","ADG-CV2YL","MD92","0","2","軽油","","","0","","0","20180809","135725","000004","20180810","120142","000005"
"07","川崎営業所","6070","20170613","99999999","00000     0700000","自社","07","川崎営業所","1","自車","1","","099","その他","","","","","","999","なし","1","配車配置ボタンの対象とする","0","川崎","100","か","6070","20170613","201706","2","1","1","03","02","","2","2","32720","10200","7070","39900","17380","SH1EDD-14980","552","249","299","4840","0","0","2230","QPG-SH1EDDG","E13C","0","2","軽油","","","0","","0","20180809","141722","000004","20180821","112417","000005"
"07","川崎営業所","5846","20120710","99999999","00000     0700000","自社","07","川崎営業所","1","自車","1","","099","その他","","","","","","999","なし","1","配車配置ボタンの対象とする","0","川崎","100","か","5846","20120710","201209","2","1","1","03","07","","2","2","32430","10000","6940","39480","17050","GK4XAB-10194","555","249","296","4700","0","0","2240","AKG-GK4XAB","GE13","0","2","軽油","","","0","","0","20180809","142427","000004","20180810","120225","000005"
"07","川崎営業所","3148","20160808","99999999","00000     0700000","自社","07","川崎営業所","1","自車","1","","099","その他","","","","","","999","なし","1","配車配置ボタンの対象とする","0","川崎","830","い","3148","20160808","201608","2","2","1","01","15","","2","0","12040","0","9800","21950","0","CV2YL-30431","912","249","302","3540","3070","0","3190","ADG-CV2YL","MD92","0","2","軽油","","","0","","0","20180809","142809","000004","20180810","120154","000005"
"07","川崎営業所","1825","20170421","99999999","00000     0700000","自社","07","川崎営業所","1","自車","1","","015","トレーラー","","","","","","999","なし","1","配車配置ボタンの対象とする","0","川崎","100","え","1825","20170421","201704","2","1","1","08","09","","0","0","24000","0","6870","30870","0","CTB32002-6005","912","249","185","0","0","0","3740","CTB32002kai","","0","","","","","0","","0","20180810","095521","000004","20180904","105702","000005"
"07","川崎営業所","1862","20180417","99999999","00000     0700000","自社","07","川崎営業所","1","自車","1","","015","トレーラー","","","","","","999","なし","1","配車配置ボタンの対象とする","0","川崎","100","え","1862","20180417","200805","2","1","1","08","13","","0","0","23800","0","3920","27720","0","KFKDH220-74171","1118","246","171","0","0","1660","1650","KFKDH220","","0","","","","","0","","0","20180810","095844","000004","20180904","105822","000005"
"08","九州営業所","2602","20210113","99999999","00000     0800000","自社","08","九州営業所","1","自車","1","","099","その他","","","","","","999","なし","0","配車配置ボタンの対象としない","0","北九州","800","か","2602","20210113","202101","2","2","1","01","02","","2","0","11110","0","10410","21630","0","FN1AJ-101763","933","249","298","3330","3770","0","3310","2PG-FN1AJG","A09C","0","2","軽油","","","0","","0","20210113","145014","000007","20210113","145151","000007"
"02","小名浜営業所","A1116","20210402","99999999","00000     0200000","自社","02","小名浜営業所","1","自車","1","","031","Ｏ　塩酸","","","","1","５t以上","999","なし","0","配車配置ボタンの対象としない","1","いわき","830","う","1116","20210402","202104","2","2","1","01","15","","2","0","13240","0","11590","24940","0","JNCMB02C9MU058961","1145","249","302","5050","0","3410","3130","2PG-CD5CA","GH11","10","2","軽油","","","0","","0","20210405","143138","000002","20210405","143138","000002"
"02","小名浜営業所","00154","20000101","99999999","00000     0200000","自社","02","小名浜営業所","1","自車","1","","030","Ｎ　苛性","","","","1","５t以上","999","なし","1","配車配置ボタンの対象とする","1","いわき","830","あ","154","20121129","201211","2","2","1","01","02","","2","0","11500","0","10200","21810","0","FR1APB-10415","974","249","291","4510","0","3370","2320","QKG-FR1APBG","A09C","9","2","軽油","","","0","","0","20180718","230156","SYSTEM","20180718","230156","SYSTEM"
"02","小名浜営業所","00550","20150201","99999999","00000     0200000","自社","02","小名浜営業所","1","自車","1","","040","Ｓ　硫酸ﾊﾞ","","","","1","５t以上","999","なし","1","配車配置ボタンの対象とする","1","いわき","830","あ","550","20080122","200309","2","2","1","01","07","","2","0","13310","0","11410","24830","0","CD48J30173","1141","249","300","4700","0","3500","3210","KL-CD48J","GE13","13","2","軽油","","","0","","0","20180718","230156","SYSTEM","20180718","230156","SYSTEM"
"01","東京営業所","01359","20000101","99999999","00000     0100000","自社","01","東京営業所","1","自車","1","","061","ｂ　東曹産","000307","","","1","５t以上","999","なし","1","配車配置ボタンの対象とする","1","足立","830","あ","1359","20070829","200708","2","2","1","01","07","","2","0","11500","0","10140","21750","0","CD4YL-20151","914","249","297","4570","0","3400","2170","ADG-CD4YL","GE13","13","2","軽油","","","0","","0","20180718","230156","SYSTEM","20180718","230156","SYSTEM"
"06","仙台営業所","0139","20160316","99999999","00000     0600000","自社","06","仙台営業所","1","自車","1","","001","Ａプロセス","","","","1","５t以上","999","なし","1","配車配置ボタンの対象とする","1","宮城","830","い","139","20110428","199712","2","2","1","02","14","","0","0","14880","0","4880","19760","0","静［52］7336静","868","249","303","0","0","0","2960","KL16-10AA","","0","","","","","0","","1","20180718","230156","SYSTEM","20200623","101559","000004"
"02","小名浜営業所","01693","20100809","99999999","00000     0200000","自社","02","小名浜営業所","1","自車","1","","030","Ｎ　苛性","","","","1","５t以上","999","なし","1","配車配置ボタンの対象とする","1","いわき","830","あ","1693","20160304","201008","2","2","1","01","15","","2","0","12000","0","9820","21930","0","CD4YA-30258","910","249","297","4690","0","3030","2100","ADG-CD4YA","GE13","13","2","軽油","","","0","","0","20180718","230156","SYSTEM","20220623","130521","000002"
"01","東京営業所","0670","20000101","99999999","00000     0100000","自社","01","東京営業所","1","自車","1","","060","ａ　吉田化","001054","土屋勝三","","1","５t以上","999","なし","1","配車配置ボタンの対象とする","1","足立","800","か","0670","20020510","200109","2","2","1","01","07","","2","0","12350","0","9380","21840","0","CD48YN00067","910","249","315","4380","0","2950","2050","KL-CD48YNH","GE13","13","2","軽油","","","0","H27.9から米山さんが乗車","1","20180718","230156","SYSTEM","20190821","144930","000004"
"06","仙台営業所","086","20000101","99999999","00000     0600000","自社","06","仙台営業所","1","自車","1","","006","Ｆ　A重油","","","","1","５t以上","999","なし","1","配車配置ボタンの対象とする","1","宮城","830","い","86","20121126","201211","2","2","1","01","02","","2","0","13000","0","8690","21800","0","GN1APB-10541","936","249","291","3150","3160","0","2380","QKG-GN1APBG","AO9C","9","2","軽油","","","0","","1","20180718","230156","SYSTEM","20231201","142739","000001"
"06","仙台営業所","0895","20000101","99999999","00000     0600000","自社","06","仙台営業所","1","自車","1","","001","Ａプロセス","","","","1","５t以上","999","なし","1","配車配置ボタンの対象とする","1","宮城","830","あ","895","20121023","201210","2","2","1","01","02","","2","0","10340","0","10640","21090","0","GN1APB-10548","930","250","314","3610","3530","0","3500","QKG-GN1APBG","A09C","9","2","軽油","","","0","","0","20180718","230156","SYSTEM","20180718","230156","SYSTEM"
"02","小名浜営業所","0910","20000101","99999999","00000     0200000","自社","02","小名浜営業所","1","自車","1","","031","Ｏ　塩酸","","","","1","５t以上","999","なし","1","配車配置ボタンの対象とする","1","いわき","830","あ","910","20060919","200009","2","2","1","01","07","","2","0","10290","0","10830","21230","0","国［01］040634","940","249","315","4440","0","3770","2620","KL-CD48YNH","GE13","13","2","軽油","","","0","","1","20180718","230156","SYSTEM","20190425","154312","000002"
"01","東京営業所","100","20120901","99999999","00000     0100000","自社","01","東京営業所","1","自車","1","","060","ａ　吉田化","001030","米山　勝","","1","５t以上","999","なし","1","配車配置ボタンの対象とする","1","足立","830","え","100","20000829","200008","2","2","1","01","02","","2","0","11700","0","10090","21900","0","FR1APB-10393","937","249","289","4430","0","3350","2310","QKG-FR1APBG","A09C","9","2","軽油","","","0","","0","20180718","230156","SYSTEM","20220415","101848","000003"
"02","小名浜営業所","11111","20000101","99999999","00000     0200000","自社","02","小名浜営業所","1","自車","1","","099","その他","099996","その他","","1","５t以上","999","なし","1","配車配置ボタンの対象とする","1","","","","","","","","","","","","","0","0","0","0","0","0","0","","0","0","0","0","0","0","0","","","0","","","","","0","","0","20180718","230156","SYSTEM","20180831","193245","000099"
"02","小名浜営業所","1116","20061222","99999999","00000     0200000","自社","02","小名浜営業所","1","自車","1","","031","Ｏ　塩酸","","","","1","５t以上","999","なし","1","配車配置ボタンの対象とする","1","いわき","830","い","1116","20120810","200612","2","2","1","01","07","","2","0","13220","0","11600","24930","0","CD4ZL-00418","1154","249","304","5140","0","3390","3070","ADG-CD4ZL","GE13","13","2","軽油","","","0","","0","20180718","230156","SYSTEM","20210524","105950","000004"
"02","小名浜営業所","11360","20140801","99999999","00000     0200000","自社","02","小名浜営業所","1","自車","1","","030","Ｎ　苛性","","","","1","５t以上","999","なし","1","配車配置ボタンの対象とする","1","いわき","830","い","1136","20121101","201211","2","2","1","01","02","","2","0","12000","0","9450","21560","0","FR1APB-10417","926","249","292","4480","0","2940","2030","QKG-FR1APBG","A09C","9","2","軽油","","","0","","0","20180718","230156","SYSTEM","20180718","230156","SYSTEM"
"02","小名浜営業所","1170","20000101","99999999","00000     0200000","自社","02","小名浜営業所","1","自車","1","","006","Ｆ　A重油","","","","1","５t以上","999","なし","1","配車配置ボタンの対象とする","1","いわき","800","か","1170","20121211","200802","2","2","1","01","04","","2","0","13000","0","8850","0","21960","FT50JY-550036","924","249","308","3650","2870","0","2330","BDG-FT50JY","6M70","13","2","軽油","","","0","","0","20180718","230156","SYSTEM","20180718","230156","SYSTEM"
"02","小名浜営業所","12","20000101","99999999","00000     0200000","自社","02","小名浜営業所","1","自車","1","","071","z　ﾄﾗｸﾀ","","","","0","５tまで","999","なし","1","配車配置ボタンの対象とする","1","いわき","130","か","12","20131114","200211","2","1","1","03","02","","2","0","32960","0","6770","39840","0","SH1KDG10916","561","249","277","4430","0","0","2340","KL-SH1KDGG","K13C","13","2","軽油","","","0","","1","20180718","230156","SYSTEM","20200518","153758","000001"
"02","小名浜営業所","1589","20061109","99999999","00000     0200000","自社","02","小名浜営業所","1","自車","1","","031","Ｏ　塩酸","","","","1","５t以上","999","なし","1","配車配置ボタンの対象とする","1","いわき","830","あ","1589","20101207","200611","2","2","1","01","07","","2","0","10530","0","11160","21800","0","CD4YL-00304","949","249","301","4670","0","3860","2630","ADG-CD4YL","GE13","13","2","軽油","","","0","","1","20180718","230156","SYSTEM","20190425","154352","000002"
"02","小名浜営業所","17","20000101","99999999","00000     0200000","自社","02","小名浜営業所","1","自車","1","","032","Ｐ　次亜","001004","下山田松男","","1","５t以上","999","なし","1","配車配置ボタンの対象とする","1","いわき","130","か","17","20121129","201202","2","1","1","09","02","","2","0","13700","0","8140","21950","0","FR1APB-10412","954","249","283","4270","0","2290","1580","QKG-FR1APBG","A09C","9","2","軽油","","","0","","1","20180718","230156","SYSTEM","20201119","141940","000002"
"02","小名浜営業所","18","20000101","99999999","00000     0200000","自社","02","小名浜営業所","1","自車","1","","031","Ｏ　塩酸","","","","1","５t以上","999","なし","1","配車配置ボタンの対象とする","1","いわき","130","う","18","20130606","201306","2","1","1","09","02","","2","0","13700","0","8120","21930","0","FR1APB-10551","954","249","283","4260","0","2280","1580","QKG-FR1APBG","A09C","9","2","軽油","","","0","","0","20180718","230156","SYSTEM","20180718","230156","SYSTEM"
"01","東京営業所","1800","20060901","99999999","00000     0100000","自社","01","東京営業所","1","自車","1","","060","ａ　吉田化","001008","小島　文彦","","1","５t以上","999","なし","1","配車配置ボタンの対象とする","1","足立","800","か","1800","20060808","200608","2","2","1","01","07","","2","0","11390","0","10400","21900","0","CD4YL-00305","935","249","297","4690","0","3400","2310","ADG-CD4YL","GE13","13","2","軽油","","","0","","0","20180718","230156","SYSTEM","20180718","230156","SYSTEM"
"02","小名浜営業所","19","20000101","99999999","00000     0200000","自社","02","小名浜営業所","1","自車","1","","030","Ｎ　苛性","","","","1","５t以上","999","なし","1","配車配置ボタンの対象とする","1","いわき","130","あ","19","20131114","200910","2","1","1","09","07","","2","0","13100","0","8720","21930","0","CD4YA-30167","938","249","295","4520","0","2480","1720","ADG-CD4YA","GE13","13","2","軽油","","","0","","0","20180718","230156","SYSTEM","20180718","230156","SYSTEM"
"01","東京営業所","2315","20091101","99999999","00000     0100000","自社","01","東京営業所","1","自車","1","","060","ａ　吉田化","001029","上原　勉","","1","５t以上","999","なし","1","配車配置ボタンの対象とする","1","足立","800","か","2315","20091021","200512","2","2","1","01","04","","2","0","11370","0","10140","21620","0","FU54JY-540018","934","249","290","4470","0","2980","2690","PJ-FU54JY","6M70","13","2","軽油","","","0","平成27年8月28日（金）から米山さんに運転手変更、9/1から2315車から670車に乗車変更","0","20180718","230156","SYSTEM","20190919","142052","000003"
"02","小名浜営業所","299","20100818","99999999","00000     0200000","自社","02","小名浜営業所","1","自車","1","","031","Ｏ　塩酸","","","","1","５t以上","999","なし","1","配車配置ボタンの対象とする","1","いわき","830","あ","299","20120824","200702","2","2","1","01","07","","2","0","13330","0","11450","24890","0","CD4ZL-00419","1153","249","304","5020","0","3370","3060","ADG-CD4ZL","GE13","13","2","軽油","","","0","","0","20180718","230156","SYSTEM","20180718","232201","000001"
"01","東京営業所","3170","20180301","99999999","00000     0100000","自社","01","東京営業所","1","自車","1","","098","ﾄﾗｸﾀ-(東京","001066","井上奈美","","1","５t以上","999","なし","1","配車配置ボタンの対象とする","1","","","","","","","","","","","","","0","0","0","0","0","0","0","","0","0","0","0","0","0","0","","","0","","","","","0","","0","20180718","230156","SYSTEM","20180803","111453","000003"
"01","東京営業所","3219","20170801","99999999","00000     0100000","自社","01","東京営業所","1","自車","1","","072","Ｍ　メタノ","001025","金子　勝彦","","0","５tまで","999","なし","1","配車配置ボタンの対象とする","1","","","","","","","","","","","","","0","0","0","0","0","0","0","","0","0","0","0","0","0","0","","","0","","","","","0","","0","20180718","230156","SYSTEM","20190717","114817","000003"
"01","東京営業所","3247","20170901","99999999","00000     0100000","自社","01","東京営業所","1","自車","1","","072","Ｍ　メタノ","001052","銅谷和久","","0","５tまで","999","なし","1","配車配置ボタンの対象とする","1","","","","","","","","","","","","","0","0","0","0","0","0","0","","0","0","0","0","0","0","0","","","0","","","","","0","","0","20180718","230156","SYSTEM","20190919","142026","000003"
"02","小名浜営業所","384","20000101","99999999","00000     0200000","自社","02","小名浜営業所","1","自車","1","","030","Ｎ　苛性","","","","1","５t以上","999","なし","1","配車配置ボタンの対象とする","1","いわき","100","え","384","20070829","200106","2","1","1","08","09","","0","0","0","23900","4010","0","27910","愛〔51〕14167愛","1099","249","155","0","0","1520","1520","CTB220AT","","0","","","","","0","","0","20180718","230156","SYSTEM","20180718","230156","SYSTEM"
"06","仙台営業所","4055","20000101","99999999","00000     0600000","自社","06","仙台営業所","1","自車","1","","040","Ｓ　硫酸ﾊﾞ","","","","1","５t以上","999","なし","1","配車配置ボタンの対象とする","1","宮城","800","か","4055","20120229","201202","2","2","1","01","02","","2","0","12670","0","9160","21940","0","FR1APB-10296","946","249","305","4330","0","2880","1950","LKG-FR1APBG","A09C","0","2","軽油","","","0","","0","20180718","230156","SYSTEM","20180718","230156","SYSTEM"
"02","小名浜営業所","4247","20000101","99999999","00000     0200000","自社","02","小名浜営業所","1","自車","1","","071","z　ﾄﾗｸﾀ","","","","0","５tまで","999","なし","1","配車配置ボタンの対象とする","1","いわき","130","あ","4247","20160328","201603","2","1","1","03","02","","2","0","0","0","0","0","0","","0","0","0","0","0","0","0","","","0","","","","","0","","0","20180718","230156","SYSTEM","20190221","134234","000002"
"06","仙台営業所","6340","20170512","99999999","00000     0600000","自社","06","仙台営業所","1","自車","1","","006","Ｆ　A重油","","","","1","５t以上","999","なし","1","配車配置ボタンの対象とする","1","宮城","830","あ","6340","20170510","201603","2","2","1","01","02","","2","0","12900","0","8830","21840","0","GN1APE-10605","933","249","298","3220","3210","0","2400","QKG-GN1APEC","A09C","9","2","軽油","","","0","","0","20180718","230156","SYSTEM","20180718","230156","SYSTEM"
"02","小名浜営業所","643","20000101","99999999","00000     0200000","自社","02","小名浜営業所","1","自車","1","","030","Ｎ　苛性","","","","1","５t以上","999","なし","1","配車配置ボタンの対象とする","1","いわき","800","か","643","20140620","200806","2","2","1","01","07","","2","0","12000","0","9720","21830","0","CD4YA-30065","907","249","297","4670","0","2980","2070","ADG-CD4Y","GE13","13","2","軽油","","","0","","0","20180718","230156","SYSTEM","20180718","230156","SYSTEM"
"06","仙台営業所","4378","20000101","99999999","00000     0600000","自社","06","仙台営業所","1","自車","1","","061","ｂ　東曹産","","","","1","５t以上","999","なし","1","配車配置ボタンの対象とする","1","宮城","800","か","4378","20150212","200311","2","2","1","01","02","","2","0","11300","0","10230","21640","0","GN2PPH50234","911","250","310","3610","3200","0","3420","KL-GN2PPHA","P11C","11","2","軽油","","","0","","0","20180718","230156","SYSTEM","20181108","142834","000002"
"02","小名浜営業所","540","20000101","99999999","00000     0200000","自社","02","小名浜営業所","1","自車","1","","040","Ｓ　硫酸ﾊﾞ","","","","1","５t以上","999","なし","1","配車配置ボタンの対象とする","1","いわき","800","か","540","20031028","200310","2","2","1","01","07","","2","0","13310","0","11450","24870","0","CD48J30174","1141","249","300","4750","0","3510","3190","KL-CD48J","GE13","14","2","軽油","","","0","","0","20180718","230156","SYSTEM","20180718","230156","SYSTEM"
"06","仙台営業所","5486","20170915","99999999","00000     0600000","自社","06","仙台営業所","1","自車","1","","001","Ａプロセス","","","","1","５t以上","999","なし","1","配車配置ボタンの対象とする","1","宮城","800","か","5486","20170915","201709","2","2","1","01","03","","2","0","9430","0","10940","20480","0","CYE60BM-7000125","940","249","304","3370","0","3800","3770","QKG-CYE60BM","6NX1","8","2","軽油","","","0","","0","20180718","230156","SYSTEM","20180718","230156","SYSTEM"
"06","仙台営業所","560","20000101","99999999","00000     0600000","自社","06","仙台営業所","1","自車","1","","040","Ｓ　硫酸ﾊﾞ","","","","1","５t以上","999","なし","1","配車配置ボタンの対象とする","1","宮城","830","あ","560","20120229","201202","2","2","1","01","02","","2","0","12400","0","9380","21890","0","FR1APB-10292","939","249","304","4420","0","2930","2030","LKG-FR1APBG","A09C","9","2","軽油","","","0","","0","20180718","230156","SYSTEM","20180718","230156","SYSTEM"
"01","東京営業所","667","20160601","99999999","00000     0100000","自社","01","東京営業所","1","自車","1","","072","Ｍ　メタノ","001052","銅谷和久","","0","５tまで","999","なし","1","配車配置ボタンの対象とする","1","","","","","","","","","","","","","0","0","0","0","0","0","0","","0","0","0","0","0","0","0","","","0","","","","","0","","0","20180718","230156","SYSTEM","20191009","094953","000003"
"02","小名浜営業所","700","20000101","99999999","00000     0200000","自社","02","小名浜営業所","1","自車","1","","030","Ｎ　苛性","","","","1","５t以上","999","なし","1","配車配置ボタンの対象とする","1","いわき","830","い","700","20080304","200401","2","2","1","01","07","","2","0","12000","0","9780","21890","0","国［01］067965","935","247","300","4370","0","3210","2200","KL-CD48E","GE13","13","2","軽油","","","0","","1","20180718","230156","SYSTEM","20190221","104925","000004"
"06","仙台営業所","71","20170906","99999999","00000     0600000","自社","06","仙台営業所","1","自車","1","","006","Ｆ　A重油","","","","1","５t以上","999","なし","1","配車配置ボタンの対象とする","1","宮城","830","あ","71","20070612","200203","2","2","1","01","07","","1","0","15300","0","9550","24905","0","CD48ZV00809","1195","249","298","4370","0","2750","2430","KL-CD48ZVH","GE13","13","2","軽油","","","0","","1","20180718","230156","SYSTEM","20190930","142615","000001"
"01","東京営業所","718","20160601","99999999","00000     0100000","自社","01","東京営業所","1","自車","1","","072","Ｍ　メタノ","001030","米山　勝","","0","５tまで","999","なし","1","配車配置ボタンの対象とする","1","","","","","","","","","","","","","0","0","0","0","0","0","0","","0","0","0","0","0","0","0","","","0","","","","","0","","0","20180718","230156","SYSTEM","20201015","135802","000003"
"06","仙台営業所","827","20000101","99999999","00000     0600000","自社","06","仙台営業所","1","自車","1","","040","Ｓ　硫酸ﾊﾞ","","","","1","５t以上","999","なし","1","配車配置ボタンの対象とする","1","宮城","830","あ","827","20160824","200707","2","2","1","01","03","","2","0","12800","0","8990","21900","0","CYY77Q6J-7000009","951","249","287","4390","0","2360","2240","PJ-CYY77Q6J","6UZ1","10","2","軽油","","","0","","0","20180718","230156","SYSTEM","20180718","230156","SYSTEM"
"06","仙台営業所","8828","20160316","99999999","00000     0600000","自社","06","仙台営業所","1","自車","1","","071","z　ﾄﾗｸﾀ","","","","0","５tまで","999","なし","1","配車配置ボタンの対象とする","1","宮城","130","あ","8828","20120710","200709","2","1","1","03","07","","2","0","32660","0","7030","39800","0","GK4XAB-20926","555","249","296","4740","0","0","2290","PKG-GK4XAB","GE13","13","2","軽油","","","0","","1","20180718","230156","SYSTEM","20230220","084229","000001"
"02","小名浜営業所","885","20000101","99999999","00000     0200000","自社","02","小名浜営業所","1","自車","1","","040","Ｓ　硫酸ﾊﾞ","","","","1","５t以上","999","なし","1","配車配置ボタンの対象とする","1","いわき","800","か","885","20120731","201207","2","2","1","01","02","","2","0","12670","0","9180","21960","0","FR1APB-10381","945","249","304","4400","0","2830","1950","QKG-FR1APBG","A09C","9","2","軽油","","","0","","0","20180718","230156","SYSTEM","20180718","230156","SYSTEM"
"02","小名浜営業所","88888","20000101","99999999","00000     0200000","自社","02","小名浜営業所","1","自車","1","","099","その他","","","","1","５t以上","999","なし","1","配車配置ボタンの対象とする","1","","","","","","","","","","","","","0","0","0","0","0","0","0","","0","0","0","0","0","0","0","","","0","","","","","0","","0","20180718","230156","SYSTEM","20180718","230156","SYSTEM"
"02","小名浜営業所","99991","20000101","99999999","00000     0200000","自社","02","小名浜営業所","1","自車","1","","099","その他","001018","青田　正一","","1","５t以上","999","なし","1","配車配置ボタンの対象とする","1","","","","","","","","","","","","","0","0","0","0","0","0","0","","0","0","0","0","0","0","0","","","0","","","","","0","","0","20180718","230156","SYSTEM","20180718","230156","SYSTEM"
"02","小名浜営業所","99992","20000101","99999999","00000     0200000","自社","02","小名浜営業所","1","自車","1","","099","その他","001035","味戸　隆典","","1","５t以上","999","なし","1","配車配置ボタンの対象とする","1","","","","","","","","","","","","","0","0","0","0","0","0","0","","0","0","0","0","0","0","0","","","0","","","","","0","","0","20180718","230156","SYSTEM","20180718","230156","SYSTEM"
"02","小名浜営業所","99999","20000101","99999999","00000     0200000","自社","02","小名浜営業所","1","自車","1","","099","その他","","","","1","５t以上","999","なし","1","配車配置ボタンの対象とする","1","","","","","","","","","","","","","0","0","0","0","0","0","0","","0","0","0","0","0","0","0","","","0","","","","","0","","0","20180718","230156","SYSTEM","20180718","230156","SYSTEM"
"06","仙台営業所","A1246","20000101","99999999","00000     0600000","自社","06","仙台営業所","1","自車","1","","030","Ｎ　苛性","","","","1","５t以上","999","なし","1","配車配置ボタンの対象とする","1","宮城","830","あ","1246","20150630","201506","2","2","1","01","02","","2","0","11500","0","10240","21850","0","FR1APE-10278","973","249","286","4560","0","3360","2320","QPG-FR1APEG","A09C","9","2","軽油","","","0","","0","20180718","230156","SYSTEM","20180718","230156","SYSTEM"
"02","小名浜営業所","A3640","20000101","99999999","00000     0200000","自社","02","小名浜営業所","1","自車","1","","030","Ｎ　苛性","","","","1","５t以上","999","なし","1","配車配置ボタンの対象とする","1","いわき","830","い","3640","20160923","201609","2","2","1","01","02","","2","0","12000","0","9720","21830","0","FR1APE-10626","945","249","292","4450","0","3130","2140","QPG-FR1APEG","A09C","9","2","軽油","","","0","","0","20180718","230156","SYSTEM","20180718","230156","SYSTEM"
"02","小名浜営業所","A700","20000101","99999999","00000     0200000","自社","02","小名浜営業所","1","自車","1","","030","Ｎ　苛性","","","","1","５t以上","999","なし","1","配車配置ボタンの対象とする","1","いわき","830","う","700","20180607","201806","2","2","1","01","02","","2","0","12160","0","9640","21910","0","FR1AJ-100206","921","249","298","4670","0","2640","2330","2PG-FR1AJG","A09C","9","2","軽油","","","0","","0","20180718","230156","SYSTEM","20180718","230156","SYSTEM"
"02","小名浜営業所","A86","20000101","99999999","00000     0200000","自社","02","小名浜営業所","1","自車","1","","030","Ｎ　苛性","","","","1","５t以上","999","なし","1","配車配置ボタンの対象とする","1","いわき","130","あ","86","20161012","201501","2","1","1","09","02","","2","0","13500","0","8310","21920","0","FR1APE-10168","954","249","283","4340","0","2350","1620","QPG-FR1APEG","A09C","9","2","軽油","","","0","","1","20180718","230156","SYSTEM","20190221","104944","000004"
"08","九州営業所","1827","20170120","99999999","00000     0800000","自社","08","九州営業所","1","自車","1","","099","その他","","","","","","999","なし","1","配車配置ボタンの対象とする","0","北九州","800","か","1827","20170120","200606","2","2","1","01","07","","2","0","12000","0","9680","21790","0","CV2YL-00120","928","249","300","3330","3080","3080","0","ADG-CV2YL","MD92","0","2","軽油","","","0","","0","20180910","110411","000004","20180919","154118","000007"
"08","九州営業所","282","20170907","99999999","00000     0800000","自社","08","九州営業所","1","自車","1","","099","その他","","","","","","999","なし","1","配車配置ボタンの対象とする","0","北九州","800","え","282","20170907","200809","2","2","1","02","06","","0","0","20800","0","5880","26680","0","ST26105D-11124","1178","249","303","0","0","2120","2120","ST26105D","","0","","","","","0","","0","20180910","110830","000004","20180920","095245","000007"
"08","九州営業所","9040","20170120","99999999","00000     0800000","自社","08","九州営業所","1","自車","1","","099","その他","","","","","","999","なし","1","配車配置ボタンの対象とする","0","北九州","100","か","9040","20170120","201110","2","1","1","03","15","","2","2","32690","10300","6900","39700","17310","GK5XA-00975","555","249","296","4730","0","0","2170","LKG-GK5XAB","GH11","0","2","軽油","","","0","","0","20180910","111521","000004","20180920","095302","000007"
"08","九州営業所","2223","20180101","99999999","00000     0800000","自社","08","九州営業所","1","自車","1","","099","その他","","","","","","999","なし","1","配車配置ボタンの対象とする","0","北九州","130","あ","2223","20131025","201310","2","1","1","03","15","","2","2","32930","10000","6820","39860","16930","GK5XA-11237","555","249","295","4640","0","0","2180","QKG-GK5XAB","GH11","0","2","軽油","","","0","","0","20180910","111954","000004","20180919","154152","000007"
"08","九州営業所","845","20160601","99999999","00000     0800000","自社","08","九州営業所","1","自車","1","","099","その他","","","","","","999","なし","1","配車配置ボタンの対象とする","0","北九州","100","き","845","20160601","201606","2","1","1","03","02","","2","2","32640","10000","7190","39940","17300","SH1EDD-12990","552","249","297","4880","0","0","2310","QPG-SH1EDDG","E13C","0","2","軽油","","","0","","0","20180910","112723","000004","20180919","163304","000007"
"08","九州営業所","4108","20160330","99999999","00000     0800000","自社","08","九州営業所","1","自車","1","","099","その他","","","","","","999","なし","1","配車配置ボタンの対象とする","0","北九州","100","え","4108","20160330","201603","2","1","1","08","09","","0","0","24000","0","6920","30920","0","CTB32002-0755","912","249","185","0","0","0","3780","CTB32002","","0","","","","","0","","0","20180910","113015","000004","20180920","095324","000007"
"08","九州営業所","2259","20160517","99999999","00000     0800000","自社","08","九州営業所","1","自車","1","","099","その他","","","","","","999","なし","1","配車配置ボタンの対象とする","0","北九州","800","か","2259","20160517","200409","2","2","1","01","07","","2","0","11520","0","10100","21730","0","CV48E-30224","906","249","290","3690","3270","0","3140","KL-CV48E","GE13","0","2","軽油","","","0","","0","20180910","113327","000004","20180919","154135","000007"
"08","九州営業所","1470","20170621","99999999","00000     0800000","自社","08","九州営業所","1","自車","1","","099","その他","","","","","","999","なし","1","配車配置ボタンの対象とする","0","北九州","100","き","1470","20170621","201706","2","1","1","03","02","","2","2","32780","10200","7090","39980","17400","SH1EDD-14981","552","249","299","4840","0","0","2250","QPG-SH1EDDG","E13C","0","2","軽油","","","0","","0","20180910","113615","000004","20180919","154057","000007"
"08","九州営業所","4419","20180424","99999999","00000     0800000","自社","08","九州営業所","1","自車","1","","099","その他","","","","","","999","なし","1","配車配置ボタンの対象とする","0","北九州","100","え","4419","20180424","200801","2","1","1","08","13","","0","0","23800","0","4190","27990","0","KFKDH220-74167","1118","247","171","0","0","1600","1600","KFKDH220","","0","","","","","0","","0","20180910","113926","000004","20180920","095228","000007"
"08","九州営業所","2375","20180913","99999999","00000     0800000","自社","08","九州営業所","1","自車","1","","099","その他","","","","","","999","なし","1","配車配置ボタンの対象とする","0","北九州","800","か","2375","20180913","201809","2","2","1","01","02","","2","0","11700","0","10020","21830","0","FN1J-100335","928","249","299","3210","3720","0","3090","2PG-FN1AJG","A09C","0","2","軽油","","","0","","0","20180921","131614","000007","20180921","131614","000007"
"01","東京営業所","3326","20180906","99999999","00000     0100000","自社","01","東京営業所","1","自車","1","","072","Ｍ　メタノ","001052","銅谷和久","","","","999","なし","0","配車配置ボタンの対象としない","0","足立","800","か","3326","20180906","201809","2","2","1","01","01","","2","0","11700","0","10020","21830","0","FN1AJ-100345","928","249","299","3210","3720","0","3090","2PG-FN1AJG","A09C","886","2","軽油","","","0","","1","20180926","141030","000003","20191125","134707","000004"
"02","小名浜営業所","570","20180930","99999999","00000     0200000","自社","02","小名浜営業所","1","自車","1","","040","Ｓ　硫酸ﾊﾞ","","","","1","５t以上","999","なし","1","配車配置ボタンの対象とする","1","いわき","830","あ","570","20120304","200401","2","2","1","01","07","","2","0","12000","0","9780","21890","0","国[01]067965","935","247","300","4370","0","3210","2200","KL-CD48E","GE13","1307","2","軽油","","","0","","1","20181013","115540","000002","20220728","142909","000002"
"07","川崎営業所","77777","20180901","99999999","00000     0700000","自社","07","川崎営業所","1","自車","1","","099","その他","","","","","","999","なし","1","配車配置ボタンの対象とする","0","","","","","","","","","","","","","0","0","0","0","0","0","0","","0","0","0","0","0","0","0","","","0","","","","","0","","0","20181115","133034","000004","20181115","133034","000004"
"01","東京営業所","3327","20180901","99999999","00000     0100000","自社","01","東京営業所","1","自車","1","","099","その他","","","","","","999","なし","1","配車配置ボタンの対象とする","1","","","","","","","","","","","","","0","0","0","0","0","0","0","","0","0","0","0","0","0","0","","","0","","","","","0","","0","20181023","161739","000003","20181023","161739","000003"
"02","小名浜営業所","A1589","20181026","99999999","00000     0200000","自社","02","小名浜営業所","1","自車","1","","031","Ｏ　塩酸","","","","1","５t以上","999","なし","1","配車配置ボタンの対象とする","1","いわき","830","い","1589","20181026","201810","2","2","1","01","02","","2","0","10630","0","11180","21920","0","FR1AJ-100292","956","249","298","4620","0","3440","3120","2PG-FR1AJG","A09C","886","2","軽油","","","0","","0","20181027","150403","000002","20181027","150403","000002"
"08","九州営業所","66666","20180901","99999999","00000     0800000","自社","08","九州営業所","1","自車","1","","099","その他","","","","","","999","なし","1","配車配置ボタンの対象とする","0","","","","","","","","","","","","","0","0","0","0","0","0","0","","0","0","0","0","0","0","0","","","0","","","","","0","","0","20181203","131338","000004","20181203","131421","000004"
"08","九州営業所","C2175","20190308","99999999","00000     0800000","自社","08","九州営業所","1","自車","1","","099","その他","","","","","","999","なし","1","配車配置ボタンの対象とする","0","","","","","","","","","","","","","0","0","0","0","0","0","0","","0","0","0","0","0","0","0","","","0","","","","","0","","0","20190311","101909","000007","20190311","101909","000007"
"02","小名浜営業所","530","20190327","99999999","00000     0200000","自社","02","小名浜営業所","1","自車","1","","040","Ｓ　硫酸ﾊﾞ","","","","1","５t以上","999","なし","1","配車配置ボタンの対象とする","1","いわき","830","あ","530","20190327","201903","2","2","2","01","15","","0","0","0","0","0","0","0","","0","0","0","0","0","0","0","","","0","","","","","0","","0","20190330","112313","000002","20190330","112313","000002"
"06","仙台営業所","6471","20190919","99999999","00000     0600000","自社","06","仙台営業所","1","自車","1","","014","平ボディ","","","","0","５tまで","999","なし","1","配車配置ボタンの対象とする","1","宮城","100","い","6471","20160928","200503","2","1","1","05","04","","2","0","3550","0","4310","7970","0","FK61FK-771593","846","226","278","2470","0","0","1840","PA-FK61FK","6M60","754","2","軽油","","","0","","1","20190927","110851","000006","20210929","083700","000001"
"08","九州営業所","2781","20200301","99999999","00000     0800000","自社","08","九州営業所","1","自車","1","","099","その他","","","","","","999","なし","0","配車配置ボタンの対象としない","0","北九州","100","き","2781","20170120","201110","2","1","1","03","15","","2","2","32690","10300","6900","39700","17310","GK5XA-00975","555","249","296","4730","0","0","2170","LKG-GK5XAB","GH11","0","3","ＬＰＧ","","","0","","0","20200317","151814","000007","20200317","151814","000007"
"07","川崎営業所","A718","20200801","99999999","00000     0700000","自社","07","川崎営業所","1","自車","1","","099","その他","","","","","","999","なし","1","配車配置ボタンの対象とする","0","","","","","","","","","","","","","0","0","0","0","0","0","0","","0","0","0","0","0","0","0","","","0","","","","","0","","0","20200819","110218","000005","20200819","110218","000005"
"01","東京営業所","1703","20200728","99999999","00000     0100000","自社","01","東京営業所","1","自車","1","","060","ａ　吉田化","001060","本間裕康","","1","５t以上","999","なし","1","配車配置ボタンの対象とする","0","足立","101","か","1703","20121129","201211","2","1","1","09","02","","2","0","13700","0","8140","21950","0","FR1APB-10412","954","249","283","4270","0","2290","1580","QKG-FR1APBG","A09C","886","2","軽油","","","0","","0","20200731","104918","000003","20201015","135827","000003"
"08","九州営業所","2637","20210623","99999999","00000     0800000","自社","08","九州営業所","1","自車","1","","099","その他","","","","","","999","なし","0","配車配置ボタンの対象としない","0","北九州","800","か","2637","20210623","202106","2","2","1","01","02","","2","0","11120","0","10120","21350","0","FN1AJ-101922","933","249","293","3290","3770","0","3060","2PG-FN1AJG","A09C","0","2","軽油","","","0","","0","20210623","113739","000007","20210623","113739","000007"
"01","東京営業所","1104","20210901","99999999","00000     0100000","自社","01","東京営業所","1","自車","1","","060","ａ　吉田化","001008","小島　文彦","","1","５t以上","999","なし","1","配車配置ボタンの対象とする","0","つくば","800","か","1104","20210831","202108","1","2","1","01","04","","0","0","0","0","0","0","0","","0","0","0","0","0","0","0","","","0","","","","","0","","0","20210903","150910","000003","20210903","150910","000003"
"08","九州営業所","2648","20210927","99999999","00000     0800000","自社","08","九州営業所","1","自車","1","","099","その他","","","","","","999","なし","0","配車配置ボタンの対象としない","0","北九州","800","か","2648","20210927","202109","2","2","1","01","02","","2","0","12800","0","9080","21990","0","FN1AJ-102065","944","249","299","2970","3550","0","2560","2PG-FN1AJG","A09C","0","2","軽油","","","0","","0","20210927","140202","000007","20210927","140202","000007"
"01","東京営業所","2363","20220401","99999999","00000     0100000","自社","01","東京営業所","1","自車","1","","072","Ｍ　メタノ","","","","","","999","なし","0","配車配置ボタンの対象としない","0","","","","","","","","","","","","","0","0","0","0","0","0","0","","0","0","0","0","0","0","0","","","0","","","","","0","","0","20220411","133309","000003","20220411","133309","000003"
"02","小名浜営業所","A895","20220607","99999999","00000     0200000","自社","02","小名浜営業所","1","自車","1","","001","Ａプロセス","","","","1","５t以上","999","なし","0","配車配置ボタンの対象としない","1","いわき","830","あ","895","20121023","201210","2","2","1","01","01","","2","0","10340","0","10640","21090","0","GN1APB-10548","930","250","314","3610","3530","0","3500","GKG-GN1APBG","A09C","9","2","軽油","","","0","","1","20220608","090131","000001","20231201","142718","000001"
"02","小名浜営業所","1447","20221221","99999999","00000     0200000","自社","02","小名浜営業所","1","自車","1","","001","Ａプロセス","","","","1","５t以上","999","なし","0","配車配置ボタンの対象としない","0","いわき","800","か","1447","20160517","200603","2","2","1","01","02","","2","0","11280","0","9690","21080","0","GN2PPW-10581","913","249","289","3690","3090","0","2910","PK-GN2PPWA","P11C","1052","2","軽油","","","0","","0","20221221","110902","000001","20221221","110902","000001"
"06","仙台営業所","C895","20230831","99999999","00000     0600000","自社","06","仙台営業所","1","自車","1","","001","Ａプロセス","","","","1","５t以上","999","なし","1","配車配置ボタンの対象とする","1","宮城","830","い","895","20230913","202309","2","2","1","01","04","","2","0","10340","0","11120","21570","0","FU4GY-545019","971","249","315","4500","0","3450","3170","2PG-FU74GY","6S10","7","2","軽油","","","0","","0","20230919","152024","000002","20230919","152024","000002"
"01","東京営業所","3320","20180820","99999999","00000     0100000","自社","01","東京営業所","1","自車","1","","072","Ｍ　メタノ","001011","宮腰　真也","","0","５tまで","999","なし","0","配車配置ボタンの対象としない","0","足立","800","か","3320","20180820","201808","2","2","1","01","02","","2","0","11200","0","10100","21410","0","FN1AJ-100342","935","249","301","3300","3790","0","3010","2PG-FN1AJG","A09C","886","2","軽油","","","0","","0","20180925","110743","000003","20201015","135819","000003"
"02","小名浜営業所","A299","20190507","99999999","00000     0200000","自社","02","小名浜営業所","1","自車","1","","031","Ｏ　塩酸","","","","1","５t以上","999","なし","1","配車配置ボタンの対象とする","0","いわき","830","い","299","20190507","201905","2","2","1","01","15","","2","0","0","0","0","0","0","","0","0","0","0","0","0","0","","","0","","","","","0","","0","20190511","103635","000002","20190511","103635","000002"
"01","東京営業所","3427","20190706","99999999","00000     0100000","自社","01","東京営業所","1","自車","1","","060","ａ　吉田化","001054","土屋勝三","","","","999","なし","1","配車配置ボタンの対象とする","1","足立","800","か","3427","20190703","201907","2","2","1","01","15","","2","0","11310","0","10480","21900","0","JNCMBNOC3KU040288","947","249","297","4600","0","3080","2800","2PG-CD5BA","GH11","1083","2","軽油","","","0","","0","20190712","115224","000003","20190712","115224","000003"
"01","東京営業所","66700","20190701","99999999","00000     0100000","自社","01","東京営業所","1","自車","1","","099","その他","","","","","","999","なし","1","配車配置ボタンの対象とする","0","","","","","","","","","","","","","0","0","0","0","0","0","0","","0","0","0","0","0","0","0","","","0","","","","","0","","0","20190807","130247","000004","20190820","145809","000004"
"07","川崎営業所","3677","20210409","99999999","00000     0700000","自社","07","川崎営業所","1","自車","1","","099","その他","","","","","","999","なし","1","配車配置ボタンの対象とする","0","","","","","","","","","","","","","0","0","0","0","0","0","0","","0","0","0","0","0","0","0","","","0","","","","","0","","0","20210409","115030","000005","20210409","115030","000005"
"08","九州営業所","2763","20230214","99999999","00000     0800000","自社","08","九州営業所","1","自車","1","","099","その他","","","","","","999","なし","0","配車配置ボタンの対象としない","0","北九州","800","か","2763","20230214","202302","2","2","1","01","15","","2","0","11520","0","10160","21790","0","JNCMBM0C2PU078208","942","249","295","4530","0","2960","2670","2PG-CD4EA","GH8F","0","2","軽油","","","0","","0","20230217","114740","000007","20230217","114740","000007"
"02","小名浜営業所","1137","20000101","99999999","00000     0200000","自社","02","小名浜営業所","1","自車","1","","072","Ｍ　メタノ","","","","1","５t以上","999","なし","0","配車配置ボタンの対象としない","1","いわき","100","え","1137","20230522","200801","2","1","1","08","13","","0","0","0","23500","4410","0","27910","KFKDH220-74167","1115","247","171","0","0","1660","1660","KFKD220","","0","2","軽油","","","0","","0","20230524","094901","000001","20230524","094901","000001"
"02","小名浜営業所","7394","20000101","99999999","00000     0200000","自社","02","小名浜営業所","1","自車","1","","071","z　ﾄﾗｸﾀ","","","","0","５tまで","999","なし","0","配車配置ボタンの対象としない","1","いわき","100","か","7394","20230522","202310","2","1","1","03","15","","2","0","0","0","0","0","0","","0","0","0","0","0","0","0","","","0","","","","","0","","0","20230524","095255","000001","20230524","095255","000001"
